sk_fato,data_referencia,sk_indicador,valor,is_filled,valid_from,valid_to,is_current
1,2024-01-01,1,,true,2026-04-08 01:47:36.650286,,true
2,2024-01-02,1,0.043739,false,2026-04-08 01:47:36.650286,,true
3,2024-01-03,1,0.043739,false,2026-04-08 01:47:36.650286,,true
4,2024-01-04,1,0.043739,false,2026-04-08 01:47:36.650286,,true
5,2024-01-05,1,0.043739,false,2026-04-08 01:47:36.650286,,true
6,2024-01-06,1,0.043739,true,2026-04-08 01:47:36.650286,,true
7,2024-01-07,1,0.043739,true,2026-04-08 01:47:36.650286,,true
8,2024-01-08,1,0.043739,false,2026-04-08 01:47:36.650286,,true
9,2024-01-09,1,0.043739,false,2026-04-08 01:47:36.650286,,true
10,2024-01-10,1,0.043739,false,2026-04-08 01:47:36.650286,,true
11,2024-01-11,1,0.043739,false,2026-04-08 01:47:36.650286,,true
12,2024-01-12,1,0.043739,false,2026-04-08 01:47:36.650286,,true
13,2024-01-13,1,0.043739,true,2026-04-08 01:47:36.650286,,true
14,2024-01-14,1,0.043739,true,2026-04-08 01:47:36.650286,,true
15,2024-01-15,1,0.043739,false,2026-04-08 01:47:36.650286,,true
16,2024-01-16,1,0.043739,false,2026-04-08 01:47:36.650286,,true
17,2024-01-17,1,0.043739,false,2026-04-08 01:47:36.650286,,true
18,2024-01-18,1,0.043739,false,2026-04-08 01:47:36.650286,,true
19,2024-01-19,1,0.043739,false,2026-04-08 01:47:36.650286,,true
20,2024-01-20,1,0.043739,true,2026-04-08 01:47:36.650286,,true
21,2024-01-21,1,0.043739,true,2026-04-08 01:47:36.650286,,true
22,2024-01-22,1,0.043739,false,2026-04-08 01:47:36.650286,,true
23,2024-01-23,1,0.043739,false,2026-04-08 01:47:36.650286,,true
24,2024-01-24,1,0.043739,false,2026-04-08 01:47:36.650286,,true
25,2024-01-25,1,0.043739,false,2026-04-08 01:47:36.650286,,true
26,2024-01-26,1,0.043739,false,2026-04-08 01:47:36.650286,,true
27,2024-01-27,1,0.043739,true,2026-04-08 01:47:36.650286,,true
28,2024-01-28,1,0.043739,true,2026-04-08 01:47:36.650286,,true
29,2024-01-29,1,0.043739,false,2026-04-08 01:47:36.650286,,true
30,2024-01-30,1,0.043739,false,2026-04-08 01:47:36.650286,,true
31,2024-01-31,1,0.043739,false,2026-04-08 01:47:36.650286,,true
32,2024-02-01,1,0.041957,false,2026-04-08 01:47:36.650286,,true
33,2024-02-02,1,0.041957,false,2026-04-08 01:47:36.650286,,true
34,2024-02-03,1,0.041957,true,2026-04-08 01:47:36.650286,,true
35,2024-02-04,1,0.041957,true,2026-04-08 01:47:36.650286,,true
36,2024-02-05,1,0.041957,false,2026-04-08 01:47:36.650286,,true
37,2024-02-06,1,0.041957,false,2026-04-08 01:47:36.650286,,true
38,2024-02-07,1,0.041957,false,2026-04-08 01:47:36.650286,,true
39,2024-02-08,1,0.041957,false,2026-04-08 01:47:36.650286,,true
40,2024-02-09,1,0.041957,false,2026-04-08 01:47:36.650286,,true
41,2024-02-10,1,0.041957,true,2026-04-08 01:47:36.650286,,true
42,2024-02-11,1,0.041957,true,2026-04-08 01:47:36.650286,,true
43,2024-02-12,1,0.041957,true,2026-04-08 01:47:36.650286,,true
44,2024-02-13,1,0.041957,true,2026-04-08 01:47:36.650286,,true
45,2024-02-14,1,0.041957,false,2026-04-08 01:47:36.650286,,true
46,2024-02-15,1,0.041957,false,2026-04-08 01:47:36.650286,,true
47,2024-02-16,1,0.041957,false,2026-04-08 01:47:36.650286,,true
48,2024-02-17,1,0.041957,true,2026-04-08 01:47:36.650286,,true
49,2024-02-18,1,0.041957,true,2026-04-08 01:47:36.650286,,true
50,2024-02-19,1,0.041957,false,2026-04-08 01:47:36.650286,,true
51,2024-02-20,1,0.041957,false,2026-04-08 01:47:36.650286,,true
52,2024-02-21,1,0.041957,false,2026-04-08 01:47:36.650286,,true
53,2024-02-22,1,0.041957,false,2026-04-08 01:47:36.650286,,true
54,2024-02-23,1,0.041957,false,2026-04-08 01:47:36.650286,,true
55,2024-02-24,1,0.041957,true,2026-04-08 01:47:36.650286,,true
56,2024-02-25,1,0.041957,true,2026-04-08 01:47:36.650286,,true
57,2024-02-26,1,0.041957,false,2026-04-08 01:47:36.650286,,true
58,2024-02-27,1,0.041957,false,2026-04-08 01:47:36.650286,,true
59,2024-02-28,1,0.041957,false,2026-04-08 01:47:36.650286,,true
60,2024-02-29,1,0.041957,false,2026-04-08 01:47:36.650286,,true
61,2024-03-01,1,0.041957,false,2026-04-08 01:47:36.650286,,true
62,2024-03-02,1,0.041957,true,2026-04-08 01:47:36.650286,,true
63,2024-03-03,1,0.041957,true,2026-04-08 01:47:36.650286,,true
64,2024-03-04,1,0.041957,false,2026-04-08 01:47:36.650286,,true
65,2024-03-05,1,0.041957,false,2026-04-08 01:47:36.650286,,true
66,2024-03-06,1,0.041957,false,2026-04-08 01:47:36.650286,,true
67,2024-03-07,1,0.041957,false,2026-04-08 01:47:36.650286,,true
68,2024-03-08,1,0.041957,false,2026-04-08 01:47:36.650286,,true
69,2024-03-09,1,0.041957,true,2026-04-08 01:47:36.650286,,true
70,2024-03-10,1,0.041957,true,2026-04-08 01:47:36.650286,,true
71,2024-03-11,1,0.041957,false,2026-04-08 01:47:36.650286,,true
72,2024-03-12,1,0.041957,false,2026-04-08 01:47:36.650286,,true
73,2024-03-13,1,0.041957,false,2026-04-08 01:47:36.650286,,true
74,2024-03-14,1,0.041957,false,2026-04-08 01:47:36.650286,,true
75,2024-03-15,1,0.041957,false,2026-04-08 01:47:36.650286,,true
76,2024-03-16,1,0.041957,true,2026-04-08 01:47:36.650286,,true
77,2024-03-17,1,0.041957,true,2026-04-08 01:47:36.650286,,true
78,2024-03-18,1,0.041957,false,2026-04-08 01:47:36.650286,,true
79,2024-03-19,1,0.041957,false,2026-04-08 01:47:36.650286,,true
80,2024-03-20,1,0.041957,false,2026-04-08 01:47:36.650286,,true
81,2024-03-21,1,0.040168,false,2026-04-08 01:47:36.650286,,true
82,2024-03-22,1,0.040168,false,2026-04-08 01:47:36.650286,,true
83,2024-03-23,1,0.040168,true,2026-04-08 01:47:36.650286,,true
84,2024-03-24,1,0.040168,true,2026-04-08 01:47:36.650286,,true
85,2024-03-25,1,0.040168,false,2026-04-08 01:47:36.650286,,true
86,2024-03-26,1,0.040168,false,2026-04-08 01:47:36.650286,,true
87,2024-03-27,1,0.040168,false,2026-04-08 01:47:36.650286,,true
88,2024-03-28,1,0.040168,false,2026-04-08 01:47:36.650286,,true
89,2024-03-29,1,0.040168,true,2026-04-08 01:47:36.650286,,true
90,2024-03-30,1,0.040168,true,2026-04-08 01:47:36.650286,,true
91,2024-03-31,1,0.040168,true,2026-04-08 01:47:36.650286,,true
92,2024-04-01,1,0.040168,false,2026-04-08 01:47:36.650286,,true
93,2024-04-02,1,0.040168,false,2026-04-08 01:47:36.650286,,true
94,2024-04-03,1,0.040168,false,2026-04-08 01:47:36.650286,,true
95,2024-04-04,1,0.040168,false,2026-04-08 01:47:36.650286,,true
96,2024-04-05,1,0.040168,false,2026-04-08 01:47:36.650286,,true
97,2024-04-06,1,0.040168,true,2026-04-08 01:47:36.650286,,true
98,2024-04-07,1,0.040168,true,2026-04-08 01:47:36.650286,,true
99,2024-04-08,1,0.040168,false,2026-04-08 01:47:36.650286,,true
100,2024-04-09,1,0.040168,false,2026-04-08 01:47:36.650286,,true
101,2024-04-10,1,0.040168,false,2026-04-08 01:47:36.650286,,true
102,2024-04-11,1,0.040168,false,2026-04-08 01:47:36.650286,,true
103,2024-04-12,1,0.040168,false,2026-04-08 01:47:36.650286,,true
104,2024-04-13,1,0.040168,true,2026-04-08 01:47:36.650286,,true
105,2024-04-14,1,0.040168,true,2026-04-08 01:47:36.650286,,true
106,2024-04-15,1,0.040168,false,2026-04-08 01:47:36.650286,,true
107,2024-04-16,1,0.040168,false,2026-04-08 01:47:36.650286,,true
108,2024-04-17,1,0.040168,false,2026-04-08 01:47:36.650286,,true
109,2024-04-18,1,0.040168,false,2026-04-08 01:47:36.650286,,true
110,2024-04-19,1,0.040168,false,2026-04-08 01:47:36.650286,,true
111,2024-04-20,1,0.040168,true,2026-04-08 01:47:36.650286,,true
112,2024-04-21,1,0.040168,true,2026-04-08 01:47:36.650286,,true
113,2024-04-22,1,0.040168,false,2026-04-08 01:47:36.650286,,true
114,2024-04-23,1,0.040168,false,2026-04-08 01:47:36.650286,,true
115,2024-04-24,1,0.040168,false,2026-04-08 01:47:36.650286,,true
116,2024-04-25,1,0.040168,false,2026-04-08 01:47:36.650286,,true
117,2024-04-26,1,0.040168,false,2026-04-08 01:47:36.650286,,true
118,2024-04-27,1,0.040168,true,2026-04-08 01:47:36.650286,,true
119,2024-04-28,1,0.040168,true,2026-04-08 01:47:36.650286,,true
120,2024-04-29,1,0.040168,false,2026-04-08 01:47:36.650286,,true
121,2024-04-30,1,0.040168,false,2026-04-08 01:47:36.650286,,true
122,2024-05-01,1,0.040168,true,2026-04-08 01:47:36.650286,,true
123,2024-05-02,1,0.040168,false,2026-04-08 01:47:36.650286,,true
124,2024-05-03,1,0.040168,false,2026-04-08 01:47:36.650286,,true
125,2024-05-04,1,0.040168,true,2026-04-08 01:47:36.650286,,true
126,2024-05-05,1,0.040168,true,2026-04-08 01:47:36.650286,,true
127,2024-05-06,1,0.040168,false,2026-04-08 01:47:36.650286,,true
128,2024-05-07,1,0.040168,false,2026-04-08 01:47:36.650286,,true
129,2024-05-08,1,0.040168,false,2026-04-08 01:47:36.650286,,true
130,2024-05-09,1,0.039270,false,2026-04-08 01:47:36.650286,,true
131,2024-05-10,1,0.039270,false,2026-04-08 01:47:36.650286,,true
132,2024-05-11,1,0.039270,true,2026-04-08 01:47:36.650286,,true
133,2024-05-12,1,0.039270,true,2026-04-08 01:47:36.650286,,true
134,2024-05-13,1,0.039270,false,2026-04-08 01:47:36.650286,,true
135,2024-05-14,1,0.039270,false,2026-04-08 01:47:36.650286,,true
136,2024-05-15,1,0.039270,false,2026-04-08 01:47:36.650286,,true
137,2024-05-16,1,0.039270,false,2026-04-08 01:47:36.650286,,true
138,2024-05-17,1,0.039270,false,2026-04-08 01:47:36.650286,,true
139,2024-05-18,1,0.039270,true,2026-04-08 01:47:36.650286,,true
140,2024-05-19,1,0.039270,true,2026-04-08 01:47:36.650286,,true
141,2024-05-20,1,0.039270,false,2026-04-08 01:47:36.650286,,true
142,2024-05-21,1,0.039270,false,2026-04-08 01:47:36.650286,,true
143,2024-05-22,1,0.039270,false,2026-04-08 01:47:36.650286,,true
144,2024-05-23,1,0.039270,false,2026-04-08 01:47:36.650286,,true
145,2024-05-24,1,0.039270,false,2026-04-08 01:47:36.650286,,true
146,2024-05-25,1,0.039270,true,2026-04-08 01:47:36.650286,,true
147,2024-05-26,1,0.039270,true,2026-04-08 01:47:36.650286,,true
148,2024-05-27,1,0.039270,false,2026-04-08 01:47:36.650286,,true
149,2024-05-28,1,0.039270,false,2026-04-08 01:47:36.650286,,true
150,2024-05-29,1,0.039270,false,2026-04-08 01:47:36.650286,,true
151,2024-05-30,1,0.039270,true,2026-04-08 01:47:36.650286,,true
152,2024-05-31,1,0.039270,false,2026-04-08 01:47:36.650286,,true
153,2024-06-01,1,0.039270,true,2026-04-08 01:47:36.650286,,true
154,2024-06-02,1,0.039270,true,2026-04-08 01:47:36.650286,,true
155,2024-06-03,1,0.039270,false,2026-04-08 01:47:36.650286,,true
156,2024-06-04,1,0.039270,false,2026-04-08 01:47:36.650286,,true
157,2024-06-05,1,0.039270,false,2026-04-08 01:47:36.650286,,true
158,2024-06-06,1,0.039270,false,2026-04-08 01:47:36.650286,,true
159,2024-06-07,1,0.039270,false,2026-04-08 01:47:36.650286,,true
160,2024-06-08,1,0.039270,true,2026-04-08 01:47:36.650286,,true
161,2024-06-09,1,0.039270,true,2026-04-08 01:47:36.650286,,true
162,2024-06-10,1,0.039270,false,2026-04-08 01:47:36.650286,,true
163,2024-06-11,1,0.039270,false,2026-04-08 01:47:36.650286,,true
164,2024-06-12,1,0.039270,false,2026-04-08 01:47:36.650286,,true
165,2024-06-13,1,0.039270,false,2026-04-08 01:47:36.650286,,true
166,2024-06-14,1,0.039270,false,2026-04-08 01:47:36.650286,,true
167,2024-06-15,1,0.039270,true,2026-04-08 01:47:36.650286,,true
168,2024-06-16,1,0.039270,true,2026-04-08 01:47:36.650286,,true
169,2024-06-17,1,0.039270,false,2026-04-08 01:47:36.650286,,true
170,2024-06-18,1,0.039270,false,2026-04-08 01:47:36.650286,,true
171,2024-06-19,1,0.039270,false,2026-04-08 01:47:36.650286,,true
172,2024-06-20,1,0.039270,false,2026-04-08 01:47:36.650286,,true
173,2024-06-21,1,0.039270,false,2026-04-08 01:47:36.650286,,true
174,2024-06-22,1,0.039270,true,2026-04-08 01:47:36.650286,,true
175,2024-06-23,1,0.039270,true,2026-04-08 01:47:36.650286,,true
176,2024-06-24,1,0.039270,false,2026-04-08 01:47:36.650286,,true
177,2024-06-25,1,0.039270,false,2026-04-08 01:47:36.650286,,true
178,2024-06-26,1,0.039270,false,2026-04-08 01:47:36.650286,,true
179,2024-06-27,1,0.039270,false,2026-04-08 01:47:36.650286,,true
180,2024-06-28,1,0.039270,false,2026-04-08 01:47:36.650286,,true
181,2024-06-29,1,0.039270,true,2026-04-08 01:47:36.650286,,true
182,2024-06-30,1,0.039270,true,2026-04-08 01:47:36.650286,,true
183,2024-07-01,1,0.039270,false,2026-04-08 01:47:36.650286,,true
184,2024-07-02,1,0.039270,false,2026-04-08 01:47:36.650286,,true
185,2024-07-03,1,0.039270,false,2026-04-08 01:47:36.650286,,true
186,2024-07-04,1,0.039270,false,2026-04-08 01:47:36.650286,,true
187,2024-07-05,1,0.039270,false,2026-04-08 01:47:36.650286,,true
188,2024-07-06,1,0.039270,true,2026-04-08 01:47:36.650286,,true
189,2024-07-07,1,0.039270,true,2026-04-08 01:47:36.650286,,true
190,2024-07-08,1,0.039270,false,2026-04-08 01:47:36.650286,,true
191,2024-07-09,1,0.039270,false,2026-04-08 01:47:36.650286,,true
192,2024-07-10,1,0.039270,false,2026-04-08 01:47:36.650286,,true
193,2024-07-11,1,0.039270,false,2026-04-08 01:47:36.650286,,true
194,2024-07-12,1,0.039270,false,2026-04-08 01:47:36.650286,,true
195,2024-07-13,1,0.039270,true,2026-04-08 01:47:36.650286,,true
196,2024-07-14,1,0.039270,true,2026-04-08 01:47:36.650286,,true
197,2024-07-15,1,0.039270,false,2026-04-08 01:47:36.650286,,true
198,2024-07-16,1,0.039270,false,2026-04-08 01:47:36.650286,,true
199,2024-07-17,1,0.039270,false,2026-04-08 01:47:36.650286,,true
200,2024-07-18,1,0.039270,false,2026-04-08 01:47:36.650286,,true
201,2024-07-19,1,0.039270,false,2026-04-08 01:47:36.650286,,true
202,2024-07-20,1,0.039270,true,2026-04-08 01:47:36.650286,,true
203,2024-07-21,1,0.039270,true,2026-04-08 01:47:36.650286,,true
204,2024-07-22,1,0.039270,false,2026-04-08 01:47:36.650286,,true
205,2024-07-23,1,0.039270,false,2026-04-08 01:47:36.650286,,true
206,2024-07-24,1,0.039270,false,2026-04-08 01:47:36.650286,,true
207,2024-07-25,1,0.039270,false,2026-04-08 01:47:36.650286,,true
208,2024-07-26,1,0.039270,false,2026-04-08 01:47:36.650286,,true
209,2024-07-27,1,0.039270,true,2026-04-08 01:47:36.650286,,true
210,2024-07-28,1,0.039270,true,2026-04-08 01:47:36.650286,,true
211,2024-07-29,1,0.039270,false,2026-04-08 01:47:36.650286,,true
212,2024-07-30,1,0.039270,false,2026-04-08 01:47:36.650286,,true
213,2024-07-31,1,0.039270,false,2026-04-08 01:47:36.650286,,true
214,2024-08-01,1,0.039270,false,2026-04-08 01:47:36.650286,,true
215,2024-08-02,1,0.039270,false,2026-04-08 01:47:36.650286,,true
216,2024-08-03,1,0.039270,true,2026-04-08 01:47:36.650286,,true
217,2024-08-04,1,0.039270,true,2026-04-08 01:47:36.650286,,true
218,2024-08-05,1,0.039270,false,2026-04-08 01:47:36.650286,,true
219,2024-08-06,1,0.039270,false,2026-04-08 01:47:36.650286,,true
220,2024-08-07,1,0.039270,false,2026-04-08 01:47:36.650286,,true
221,2024-08-08,1,0.039270,false,2026-04-08 01:47:36.650286,,true
222,2024-08-09,1,0.039270,false,2026-04-08 01:47:36.650286,,true
223,2024-08-10,1,0.039270,true,2026-04-08 01:47:36.650286,,true
224,2024-08-11,1,0.039270,true,2026-04-08 01:47:36.650286,,true
225,2024-08-12,1,0.039270,false,2026-04-08 01:47:36.650286,,true
226,2024-08-13,1,0.039270,false,2026-04-08 01:47:36.650286,,true
227,2024-08-14,1,0.039270,false,2026-04-08 01:47:36.650286,,true
228,2024-08-15,1,0.039270,false,2026-04-08 01:47:36.650286,,true
229,2024-08-16,1,0.039270,false,2026-04-08 01:47:36.650286,,true
230,2024-08-17,1,0.039270,true,2026-04-08 01:47:36.650286,,true
231,2024-08-18,1,0.039270,true,2026-04-08 01:47:36.650286,,true
232,2024-08-19,1,0.039270,false,2026-04-08 01:47:36.650286,,true
233,2024-08-20,1,0.039270,false,2026-04-08 01:47:36.650286,,true
234,2024-08-21,1,0.039270,false,2026-04-08 01:47:36.650286,,true
235,2024-08-22,1,0.039270,false,2026-04-08 01:47:36.650286,,true
236,2024-08-23,1,0.039270,false,2026-04-08 01:47:36.650286,,true
237,2024-08-24,1,0.039270,true,2026-04-08 01:47:36.650286,,true
238,2024-08-25,1,0.039270,true,2026-04-08 01:47:36.650286,,true
239,2024-08-26,1,0.039270,false,2026-04-08 01:47:36.650286,,true
240,2024-08-27,1,0.039270,false,2026-04-08 01:47:36.650286,,true
241,2024-08-28,1,0.039270,false,2026-04-08 01:47:36.650286,,true
242,2024-08-29,1,0.039270,false,2026-04-08 01:47:36.650286,,true
243,2024-08-30,1,0.039270,false,2026-04-08 01:47:36.650286,,true
244,2024-08-31,1,0.039270,true,2026-04-08 01:47:36.650286,,true
245,2024-09-01,1,0.039270,true,2026-04-08 01:47:36.650286,,true
246,2024-09-02,1,0.039270,false,2026-04-08 01:47:36.650286,,true
247,2024-09-03,1,0.039270,false,2026-04-08 01:47:36.650286,,true
248,2024-09-04,1,0.039270,false,2026-04-08 01:47:36.650286,,true
249,2024-09-05,1,0.039270,false,2026-04-08 01:47:36.650286,,true
250,2024-09-06,1,0.039270,false,2026-04-08 01:47:36.650286,,true
251,2024-09-07,1,0.039270,true,2026-04-08 01:47:36.650286,,true
252,2024-09-08,1,0.039270,true,2026-04-08 01:47:36.650286,,true
253,2024-09-09,1,0.039270,false,2026-04-08 01:47:36.650286,,true
254,2024-09-10,1,0.039270,false,2026-04-08 01:47:36.650286,,true
255,2024-09-11,1,0.039270,false,2026-04-08 01:47:36.650286,,true
256,2024-09-12,1,0.039270,false,2026-04-08 01:47:36.650286,,true
257,2024-09-13,1,0.039270,false,2026-04-08 01:47:36.650286,,true
258,2024-09-14,1,0.039270,true,2026-04-08 01:47:36.650286,,true
259,2024-09-15,1,0.039270,true,2026-04-08 01:47:36.650286,,true
260,2024-09-16,1,0.039270,false,2026-04-08 01:47:36.650286,,true
261,2024-09-17,1,0.039270,false,2026-04-08 01:47:36.650286,,true
262,2024-09-18,1,0.039270,false,2026-04-08 01:47:36.650286,,true
263,2024-09-19,1,0.040168,false,2026-04-08 01:47:36.650286,,true
264,2024-09-20,1,0.040168,false,2026-04-08 01:47:36.650286,,true
265,2024-09-21,1,0.040168,true,2026-04-08 01:47:36.650286,,true
266,2024-09-22,1,0.040168,true,2026-04-08 01:47:36.650286,,true
267,2024-09-23,1,0.040168,false,2026-04-08 01:47:36.650286,,true
268,2024-09-24,1,0.040168,false,2026-04-08 01:47:36.650286,,true
269,2024-09-25,1,0.040168,false,2026-04-08 01:47:36.650286,,true
270,2024-09-26,1,0.040168,false,2026-04-08 01:47:36.650286,,true
271,2024-09-27,1,0.040168,false,2026-04-08 01:47:36.650286,,true
272,2024-09-28,1,0.040168,true,2026-04-08 01:47:36.650286,,true
273,2024-09-29,1,0.040168,true,2026-04-08 01:47:36.650286,,true
274,2024-09-30,1,0.040168,false,2026-04-08 01:47:36.650286,,true
275,2024-10-01,1,0.040168,false,2026-04-08 01:47:36.650286,,true
276,2024-10-02,1,0.040168,false,2026-04-08 01:47:36.650286,,true
277,2024-10-03,1,0.040168,false,2026-04-08 01:47:36.650286,,true
278,2024-10-04,1,0.040168,false,2026-04-08 01:47:36.650286,,true
279,2024-10-05,1,0.040168,true,2026-04-08 01:47:36.650286,,true
280,2024-10-06,1,0.040168,true,2026-04-08 01:47:36.650286,,true
281,2024-10-07,1,0.040168,false,2026-04-08 01:47:36.650286,,true
282,2024-10-08,1,0.040168,false,2026-04-08 01:47:36.650286,,true
283,2024-10-09,1,0.040168,false,2026-04-08 01:47:36.650286,,true
284,2024-10-10,1,0.040168,false,2026-04-08 01:47:36.650286,,true
285,2024-10-11,1,0.040168,false,2026-04-08 01:47:36.650286,,true
286,2024-10-12,1,0.040168,true,2026-04-08 01:47:36.650286,,true
287,2024-10-13,1,0.040168,true,2026-04-08 01:47:36.650286,,true
288,2024-10-14,1,0.040168,false,2026-04-08 01:47:36.650286,,true
289,2024-10-15,1,0.040168,false,2026-04-08 01:47:36.650286,,true
290,2024-10-16,1,0.040168,false,2026-04-08 01:47:36.650286,,true
291,2024-10-17,1,0.040168,false,2026-04-08 01:47:36.650286,,true
292,2024-10-18,1,0.040168,false,2026-04-08 01:47:36.650286,,true
293,2024-10-19,1,0.040168,true,2026-04-08 01:47:36.650286,,true
294,2024-10-20,1,0.040168,true,2026-04-08 01:47:36.650286,,true
295,2024-10-21,1,0.040168,false,2026-04-08 01:47:36.650286,,true
296,2024-10-22,1,0.040168,false,2026-04-08 01:47:36.650286,,true
297,2024-10-23,1,0.040168,false,2026-04-08 01:47:36.650286,,true
298,2024-10-24,1,0.040168,false,2026-04-08 01:47:36.650286,,true
299,2024-10-25,1,0.040168,false,2026-04-08 01:47:36.650286,,true
300,2024-10-26,1,0.040168,true,2026-04-08 01:47:36.650286,,true
301,2024-10-27,1,0.040168,true,2026-04-08 01:47:36.650286,,true
302,2024-10-28,1,0.040168,false,2026-04-08 01:47:36.650286,,true
303,2024-10-29,1,0.040168,false,2026-04-08 01:47:36.650286,,true
304,2024-10-30,1,0.040168,false,2026-04-08 01:47:36.650286,,true
305,2024-10-31,1,0.040168,false,2026-04-08 01:47:36.650286,,true
306,2024-11-01,1,0.040168,false,2026-04-08 01:47:36.650286,,true
307,2024-11-02,1,0.040168,true,2026-04-08 01:47:36.650286,,true
308,2024-11-03,1,0.040168,true,2026-04-08 01:47:36.650286,,true
309,2024-11-04,1,0.040168,false,2026-04-08 01:47:36.650286,,true
310,2024-11-05,1,0.040168,false,2026-04-08 01:47:36.650286,,true
311,2024-11-06,1,0.040168,false,2026-04-08 01:47:36.650286,,true
312,2024-11-07,1,0.041957,false,2026-04-08 01:47:36.650286,,true
313,2024-11-08,1,0.041957,false,2026-04-08 01:47:36.650286,,true
314,2024-11-09,1,0.041957,true,2026-04-08 01:47:36.650286,,true
315,2024-11-10,1,0.041957,true,2026-04-08 01:47:36.650286,,true
316,2024-11-11,1,0.041957,false,2026-04-08 01:47:36.650286,,true
317,2024-11-12,1,0.041957,false,2026-04-08 01:47:36.650286,,true
318,2024-11-13,1,0.041957,false,2026-04-08 01:47:36.650286,,true
319,2024-11-14,1,0.041957,false,2026-04-08 01:47:36.650286,,true
320,2024-11-15,1,0.041957,true,2026-04-08 01:47:36.650286,,true
321,2024-11-16,1,0.041957,true,2026-04-08 01:47:36.650286,,true
322,2024-11-17,1,0.041957,true,2026-04-08 01:47:36.650286,,true
323,2024-11-18,1,0.041957,false,2026-04-08 01:47:36.650286,,true
324,2024-11-19,1,0.041957,false,2026-04-08 01:47:36.650286,,true
325,2024-11-20,1,0.041957,true,2026-04-08 01:47:36.650286,,true
326,2024-11-21,1,0.041957,false,2026-04-08 01:47:36.650286,,true
327,2024-11-22,1,0.041957,false,2026-04-08 01:47:36.650286,,true
328,2024-11-23,1,0.041957,true,2026-04-08 01:47:36.650286,,true
329,2024-11-24,1,0.041957,true,2026-04-08 01:47:36.650286,,true
330,2024-11-25,1,0.041957,false,2026-04-08 01:47:36.650286,,true
331,2024-11-26,1,0.041957,false,2026-04-08 01:47:36.650286,,true
332,2024-11-27,1,0.041957,false,2026-04-08 01:47:36.650286,,true
333,2024-11-28,1,0.041957,false,2026-04-08 01:47:36.650286,,true
334,2024-11-29,1,0.041957,false,2026-04-08 01:47:36.650286,,true
335,2024-11-30,1,0.041957,true,2026-04-08 01:47:36.650286,,true
336,2024-12-01,1,0.041957,true,2026-04-08 01:47:36.650286,,true
337,2024-12-02,1,0.041957,false,2026-04-08 01:47:36.650286,,true
338,2024-12-03,1,0.041957,false,2026-04-08 01:47:36.650286,,true
339,2024-12-04,1,0.041957,false,2026-04-08 01:47:36.650286,,true
340,2024-12-05,1,0.041957,false,2026-04-08 01:47:36.650286,,true
341,2024-12-06,1,0.041957,false,2026-04-08 01:47:36.650286,,true
342,2024-12-07,1,0.041957,true,2026-04-08 01:47:36.650286,,true
343,2024-12-08,1,0.041957,true,2026-04-08 01:47:36.650286,,true
344,2024-12-09,1,0.041957,false,2026-04-08 01:47:36.650286,,true
345,2024-12-10,1,0.041957,false,2026-04-08 01:47:36.650286,,true
346,2024-12-11,1,0.041957,false,2026-04-08 01:47:36.650286,,true
347,2024-12-12,1,0.045513,false,2026-04-08 01:47:36.650286,,true
348,2024-12-13,1,0.045513,false,2026-04-08 01:47:36.650286,,true
349,2024-12-14,1,0.045513,true,2026-04-08 01:47:36.650286,,true
350,2024-12-15,1,0.045513,true,2026-04-08 01:47:36.650286,,true
351,2024-12-16,1,0.045513,false,2026-04-08 01:47:36.650286,,true
352,2024-12-17,1,0.045513,false,2026-04-08 01:47:36.650286,,true
353,2024-12-18,1,0.045513,false,2026-04-08 01:47:36.650286,,true
354,2024-12-19,1,0.045513,false,2026-04-08 01:47:36.650286,,true
355,2024-12-20,1,0.045513,false,2026-04-08 01:47:36.650286,,true
356,2024-12-21,1,0.045513,true,2026-04-08 01:47:36.650286,,true
357,2024-12-22,1,0.045513,true,2026-04-08 01:47:36.650286,,true
358,2024-12-23,1,0.045513,false,2026-04-08 01:47:36.650286,,true
359,2024-12-24,1,0.045513,false,2026-04-08 01:47:36.650286,,true
360,2024-12-25,1,0.045513,true,2026-04-08 01:47:36.650286,,true
361,2024-12-26,1,0.045513,false,2026-04-08 01:47:36.650286,,true
362,2024-12-27,1,0.045513,false,2026-04-08 01:47:36.650286,,true
363,2024-12-28,1,0.045513,true,2026-04-08 01:47:36.650286,,true
364,2024-12-29,1,0.045513,true,2026-04-08 01:47:36.650286,,true
365,2024-12-30,1,0.045513,false,2026-04-08 01:47:36.650286,,true
366,2024-12-31,1,0.045513,false,2026-04-08 01:47:36.650286,,true
367,2025-01-01,1,0.045513,true,2026-04-08 01:47:36.650286,,true
368,2025-01-02,1,0.045513,false,2026-04-08 01:47:36.650286,,true
369,2025-01-03,1,0.045513,false,2026-04-08 01:47:36.650286,,true
370,2025-01-04,1,0.045513,true,2026-04-08 01:47:36.650286,,true
371,2025-01-05,1,0.045513,true,2026-04-08 01:47:36.650286,,true
372,2025-01-06,1,0.045513,false,2026-04-08 01:47:36.650286,,true
373,2025-01-07,1,0.045513,false,2026-04-08 01:47:36.650286,,true
374,2025-01-08,1,0.045513,false,2026-04-08 01:47:36.650286,,true
375,2025-01-09,1,0.045513,false,2026-04-08 01:47:36.650286,,true
376,2025-01-10,1,0.045513,false,2026-04-08 01:47:36.650286,,true
377,2025-01-11,1,0.045513,true,2026-04-08 01:47:36.650286,,true
378,2025-01-12,1,0.045513,true,2026-04-08 01:47:36.650286,,true
379,2025-01-13,1,0.045513,false,2026-04-08 01:47:36.650286,,true
380,2025-01-14,1,0.045513,false,2026-04-08 01:47:36.650286,,true
381,2025-01-15,1,0.045513,false,2026-04-08 01:47:36.650286,,true
382,2025-01-16,1,0.045513,false,2026-04-08 01:47:36.650286,,true
383,2025-01-17,1,0.045513,false,2026-04-08 01:47:36.650286,,true
384,2025-01-18,1,0.045513,true,2026-04-08 01:47:36.650286,,true
385,2025-01-19,1,0.045513,true,2026-04-08 01:47:36.650286,,true
386,2025-01-20,1,0.045513,false,2026-04-08 01:47:36.650286,,true
387,2025-01-21,1,0.045513,false,2026-04-08 01:47:36.650286,,true
388,2025-01-22,1,0.045513,false,2026-04-08 01:47:36.650286,,true
389,2025-01-23,1,0.045513,false,2026-04-08 01:47:36.650286,,true
390,2025-01-24,1,0.045513,false,2026-04-08 01:47:36.650286,,true
391,2025-01-25,1,0.045513,true,2026-04-08 01:47:36.650286,,true
392,2025-01-26,1,0.045513,true,2026-04-08 01:47:36.650286,,true
393,2025-01-27,1,0.045513,false,2026-04-08 01:47:36.650286,,true
394,2025-01-28,1,0.045513,false,2026-04-08 01:47:36.650286,,true
395,2025-01-29,1,0.045513,false,2026-04-08 01:47:36.650286,,true
396,2025-01-30,1,0.049037,false,2026-04-08 01:47:36.650286,,true
397,2025-01-31,1,0.049037,false,2026-04-08 01:47:36.650286,,true
398,2025-02-01,1,0.049037,true,2026-04-08 01:47:36.650286,,true
399,2025-02-02,1,0.049037,true,2026-04-08 01:47:36.650286,,true
400,2025-02-03,1,0.049037,false,2026-04-08 01:47:36.650286,,true
401,2025-02-04,1,0.049037,false,2026-04-08 01:47:36.650286,,true
402,2025-02-05,1,0.049037,false,2026-04-08 01:47:36.650286,,true
403,2025-02-06,1,0.049037,false,2026-04-08 01:47:36.650286,,true
404,2025-02-07,1,0.049037,false,2026-04-08 01:47:36.650286,,true
405,2025-02-08,1,0.049037,true,2026-04-08 01:47:36.650286,,true
406,2025-02-09,1,0.049037,true,2026-04-08 01:47:36.650286,,true
407,2025-02-10,1,0.049037,false,2026-04-08 01:47:36.650286,,true
408,2025-02-11,1,0.049037,false,2026-04-08 01:47:36.650286,,true
409,2025-02-12,1,0.049037,false,2026-04-08 01:47:36.650286,,true
410,2025-02-13,1,0.049037,false,2026-04-08 01:47:36.650286,,true
411,2025-02-14,1,0.049037,false,2026-04-08 01:47:36.650286,,true
412,2025-02-15,1,0.049037,true,2026-04-08 01:47:36.650286,,true
413,2025-02-16,1,0.049037,true,2026-04-08 01:47:36.650286,,true
414,2025-02-17,1,0.049037,false,2026-04-08 01:47:36.650286,,true
415,2025-02-18,1,0.049037,false,2026-04-08 01:47:36.650286,,true
416,2025-02-19,1,0.049037,false,2026-04-08 01:47:36.650286,,true
417,2025-02-20,1,0.049037,false,2026-04-08 01:47:36.650286,,true
418,2025-02-21,1,0.049037,false,2026-04-08 01:47:36.650286,,true
419,2025-02-22,1,0.049037,true,2026-04-08 01:47:36.650286,,true
420,2025-02-23,1,0.049037,true,2026-04-08 01:47:36.650286,,true
421,2025-02-24,1,0.049037,false,2026-04-08 01:47:36.650286,,true
422,2025-02-25,1,0.049037,false,2026-04-08 01:47:36.650286,,true
423,2025-02-26,1,0.049037,false,2026-04-08 01:47:36.650286,,true
424,2025-02-27,1,0.049037,false,2026-04-08 01:47:36.650286,,true
425,2025-02-28,1,0.049037,false,2026-04-08 01:47:36.650286,,true
426,2025-03-01,1,0.049037,true,2026-04-08 01:47:36.650286,,true
427,2025-03-02,1,0.049037,true,2026-04-08 01:47:36.650286,,true
428,2025-03-03,1,0.049037,true,2026-04-08 01:47:36.650286,,true
429,2025-03-04,1,0.049037,true,2026-04-08 01:47:36.650286,,true
430,2025-03-05,1,0.049037,false,2026-04-08 01:47:36.650286,,true
431,2025-03-06,1,0.049037,false,2026-04-08 01:47:36.650286,,true
432,2025-03-07,1,0.049037,false,2026-04-08 01:47:36.650286,,true
433,2025-03-08,1,0.049037,true,2026-04-08 01:47:36.650286,,true
434,2025-03-09,1,0.049037,true,2026-04-08 01:47:36.650286,,true
435,2025-03-10,1,0.049037,false,2026-04-08 01:47:36.650286,,true
436,2025-03-11,1,0.049037,false,2026-04-08 01:47:36.650286,,true
437,2025-03-12,1,0.049037,false,2026-04-08 01:47:36.650286,,true
438,2025-03-13,1,0.049037,false,2026-04-08 01:47:36.650286,,true
439,2025-03-14,1,0.049037,false,2026-04-08 01:47:36.650286,,true
440,2025-03-15,1,0.049037,true,2026-04-08 01:47:36.650286,,true
441,2025-03-16,1,0.049037,true,2026-04-08 01:47:36.650286,,true
442,2025-03-17,1,0.049037,false,2026-04-08 01:47:36.650286,,true
443,2025-03-18,1,0.049037,false,2026-04-08 01:47:36.650286,,true
444,2025-03-19,1,0.049037,false,2026-04-08 01:47:36.650286,,true
445,2025-03-20,1,0.052531,false,2026-04-08 01:47:36.650286,,true
446,2025-03-21,1,0.052531,false,2026-04-08 01:47:36.650286,,true
447,2025-03-22,1,0.052531,true,2026-04-08 01:47:36.650286,,true
448,2025-03-23,1,0.052531,true,2026-04-08 01:47:36.650286,,true
449,2025-03-24,1,0.052531,false,2026-04-08 01:47:36.650286,,true
450,2025-03-25,1,0.052531,false,2026-04-08 01:47:36.650286,,true
451,2025-03-26,1,0.052531,false,2026-04-08 01:47:36.650286,,true
452,2025-03-27,1,0.052531,false,2026-04-08 01:47:36.650286,,true
453,2025-03-28,1,0.052531,false,2026-04-08 01:47:36.650286,,true
454,2025-03-29,1,0.052531,true,2026-04-08 01:47:36.650286,,true
455,2025-03-30,1,0.052531,true,2026-04-08 01:47:36.650286,,true
456,2025-03-31,1,0.052531,false,2026-04-08 01:47:36.650286,,true
457,2025-04-01,1,0.052531,false,2026-04-08 01:47:36.650286,,true
458,2025-04-02,1,0.052531,false,2026-04-08 01:47:36.650286,,true
459,2025-04-03,1,0.052531,false,2026-04-08 01:47:36.650286,,true
460,2025-04-04,1,0.052531,false,2026-04-08 01:47:36.650286,,true
461,2025-04-05,1,0.052531,true,2026-04-08 01:47:36.650286,,true
462,2025-04-06,1,0.052531,true,2026-04-08 01:47:36.650286,,true
463,2025-04-07,1,0.052531,false,2026-04-08 01:47:36.650286,,true
464,2025-04-08,1,0.052531,false,2026-04-08 01:47:36.650286,,true
465,2025-04-09,1,0.052531,false,2026-04-08 01:47:36.650286,,true
466,2025-04-10,1,0.052531,false,2026-04-08 01:47:36.650286,,true
467,2025-04-11,1,0.052531,false,2026-04-08 01:47:36.650286,,true
468,2025-04-12,1,0.052531,true,2026-04-08 01:47:36.650286,,true
469,2025-04-13,1,0.052531,true,2026-04-08 01:47:36.650286,,true
470,2025-04-14,1,0.052531,false,2026-04-08 01:47:36.650286,,true
471,2025-04-15,1,0.052531,false,2026-04-08 01:47:36.650286,,true
472,2025-04-16,1,0.052531,false,2026-04-08 01:47:36.650286,,true
473,2025-04-17,1,0.052531,false,2026-04-08 01:47:36.650286,,true
474,2025-04-18,1,0.052531,true,2026-04-08 01:47:36.650286,,true
475,2025-04-19,1,0.052531,true,2026-04-08 01:47:36.650286,,true
476,2025-04-20,1,0.052531,true,2026-04-08 01:47:36.650286,,true
477,2025-04-21,1,0.052531,true,2026-04-08 01:47:36.650286,,true
478,2025-04-22,1,0.052531,false,2026-04-08 01:47:36.650286,,true
479,2025-04-23,1,0.052531,false,2026-04-08 01:47:36.650286,,true
480,2025-04-24,1,0.052531,false,2026-04-08 01:47:36.650286,,true
481,2025-04-25,1,0.052531,false,2026-04-08 01:47:36.650286,,true
482,2025-04-26,1,0.052531,true,2026-04-08 01:47:36.650286,,true
483,2025-04-27,1,0.052531,true,2026-04-08 01:47:36.650286,,true
484,2025-04-28,1,0.052531,false,2026-04-08 01:47:36.650286,,true
485,2025-04-29,1,0.052531,false,2026-04-08 01:47:36.650286,,true
486,2025-04-30,1,0.052531,false,2026-04-08 01:47:36.650286,,true
487,2025-05-01,1,0.052531,true,2026-04-08 01:47:36.650286,,true
488,2025-05-02,1,0.052531,false,2026-04-08 01:47:36.650286,,true
489,2025-05-03,1,0.052531,true,2026-04-08 01:47:36.650286,,true
490,2025-05-04,1,0.052531,true,2026-04-08 01:47:36.650286,,true
491,2025-05-05,1,0.052531,false,2026-04-08 01:47:36.650286,,true
492,2025-05-06,1,0.052531,false,2026-04-08 01:47:36.650286,,true
493,2025-05-07,1,0.052531,false,2026-04-08 01:47:36.650286,,true
494,2025-05-08,1,0.054266,false,2026-04-08 01:47:36.650286,,true
495,2025-05-09,1,0.054266,false,2026-04-08 01:47:36.650286,,true
496,2025-05-10,1,0.054266,true,2026-04-08 01:47:36.650286,,true
497,2025-05-11,1,0.054266,true,2026-04-08 01:47:36.650286,,true
498,2025-05-12,1,0.054266,false,2026-04-08 01:47:36.650286,,true
499,2025-05-13,1,0.054266,false,2026-04-08 01:47:36.650286,,true
500,2025-05-14,1,0.054266,false,2026-04-08 01:47:36.650286,,true
501,2025-05-15,1,0.054266,false,2026-04-08 01:47:36.650286,,true
502,2025-05-16,1,0.054266,false,2026-04-08 01:47:36.650286,,true
503,2025-05-17,1,0.054266,true,2026-04-08 01:47:36.650286,,true
504,2025-05-18,1,0.054266,true,2026-04-08 01:47:36.650286,,true
505,2025-05-19,1,0.054266,false,2026-04-08 01:47:36.650286,,true
506,2025-05-20,1,0.054266,false,2026-04-08 01:47:36.650286,,true
507,2025-05-21,1,0.054266,false,2026-04-08 01:47:36.650286,,true
508,2025-05-22,1,0.054266,false,2026-04-08 01:47:36.650286,,true
509,2025-05-23,1,0.054266,false,2026-04-08 01:47:36.650286,,true
510,2025-05-24,1,0.054266,true,2026-04-08 01:47:36.650286,,true
511,2025-05-25,1,0.054266,true,2026-04-08 01:47:36.650286,,true
512,2025-05-26,1,0.054266,false,2026-04-08 01:47:36.650286,,true
513,2025-05-27,1,0.054266,false,2026-04-08 01:47:36.650286,,true
514,2025-05-28,1,0.054266,false,2026-04-08 01:47:36.650286,,true
515,2025-05-29,1,0.054266,false,2026-04-08 01:47:36.650286,,true
516,2025-05-30,1,0.054266,false,2026-04-08 01:47:36.650286,,true
517,2025-05-31,1,0.054266,true,2026-04-08 01:47:36.650286,,true
518,2025-06-01,1,0.054266,true,2026-04-08 01:47:36.650286,,true
519,2025-06-02,1,0.054266,false,2026-04-08 01:47:36.650286,,true
520,2025-06-03,1,0.054266,false,2026-04-08 01:47:36.650286,,true
521,2025-06-04,1,0.054266,false,2026-04-08 01:47:36.650286,,true
522,2025-06-05,1,0.054266,false,2026-04-08 01:47:36.650286,,true
523,2025-06-06,1,0.054266,false,2026-04-08 01:47:36.650286,,true
524,2025-06-07,1,0.054266,true,2026-04-08 01:47:36.650286,,true
525,2025-06-08,1,0.054266,true,2026-04-08 01:47:36.650286,,true
526,2025-06-09,1,0.054266,false,2026-04-08 01:47:36.650286,,true
527,2025-06-10,1,0.054266,false,2026-04-08 01:47:36.650286,,true
528,2025-06-11,1,0.054266,false,2026-04-08 01:47:36.650286,,true
529,2025-06-12,1,0.054266,false,2026-04-08 01:47:36.650286,,true
530,2025-06-13,1,0.054266,false,2026-04-08 01:47:36.650286,,true
531,2025-06-14,1,0.054266,true,2026-04-08 01:47:36.650286,,true
532,2025-06-15,1,0.054266,true,2026-04-08 01:47:36.650286,,true
533,2025-06-16,1,0.054266,false,2026-04-08 01:47:36.650286,,true
534,2025-06-17,1,0.054266,false,2026-04-08 01:47:36.650286,,true
535,2025-06-18,1,0.054266,false,2026-04-08 01:47:36.650286,,true
536,2025-06-19,1,0.054266,true,2026-04-08 01:47:36.650286,,true
537,2025-06-20,1,0.055131,false,2026-04-08 01:47:36.650286,,true
538,2025-06-21,1,0.055131,true,2026-04-08 01:47:36.650286,,true
539,2025-06-22,1,0.055131,true,2026-04-08 01:47:36.650286,,true
540,2025-06-23,1,0.055131,false,2026-04-08 01:47:36.650286,,true
541,2025-06-24,1,0.055131,false,2026-04-08 01:47:36.650286,,true
542,2025-06-25,1,0.055131,false,2026-04-08 01:47:36.650286,,true
543,2025-06-26,1,0.055131,false,2026-04-08 01:47:36.650286,,true
544,2025-06-27,1,0.055131,false,2026-04-08 01:47:36.650286,,true
545,2025-06-28,1,0.055131,true,2026-04-08 01:47:36.650286,,true
546,2025-06-29,1,0.055131,true,2026-04-08 01:47:36.650286,,true
547,2025-06-30,1,0.055131,false,2026-04-08 01:47:36.650286,,true
548,2025-07-01,1,0.055131,false,2026-04-08 01:47:36.650286,,true
549,2025-07-02,1,0.055131,false,2026-04-08 01:47:36.650286,,true
550,2025-07-03,1,0.055131,false,2026-04-08 01:47:36.650286,,true
551,2025-07-04,1,0.055131,false,2026-04-08 01:47:36.650286,,true
552,2025-07-05,1,0.055131,true,2026-04-08 01:47:36.650286,,true
553,2025-07-06,1,0.055131,true,2026-04-08 01:47:36.650286,,true
554,2025-07-07,1,0.055131,false,2026-04-08 01:47:36.650286,,true
555,2025-07-08,1,0.055131,false,2026-04-08 01:47:36.650286,,true
556,2025-07-09,1,0.055131,false,2026-04-08 01:47:36.650286,,true
557,2025-07-10,1,0.055131,false,2026-04-08 01:47:36.650286,,true
558,2025-07-11,1,0.055131,false,2026-04-08 01:47:36.650286,,true
559,2025-07-12,1,0.055131,true,2026-04-08 01:47:36.650286,,true
560,2025-07-13,1,0.055131,true,2026-04-08 01:47:36.650286,,true
561,2025-07-14,1,0.055131,false,2026-04-08 01:47:36.650286,,true
562,2025-07-15,1,0.055131,false,2026-04-08 01:47:36.650286,,true
563,2025-07-16,1,0.055131,false,2026-04-08 01:47:36.650286,,true
564,2025-07-17,1,0.055131,false,2026-04-08 01:47:36.650286,,true
565,2025-07-18,1,0.055131,false,2026-04-08 01:47:36.650286,,true
566,2025-07-19,1,0.055131,true,2026-04-08 01:47:36.650286,,true
567,2025-07-20,1,0.055131,true,2026-04-08 01:47:36.650286,,true
568,2025-07-21,1,0.055131,false,2026-04-08 01:47:36.650286,,true
569,2025-07-22,1,0.055131,false,2026-04-08 01:47:36.650286,,true
570,2025-07-23,1,0.055131,false,2026-04-08 01:47:36.650286,,true
571,2025-07-24,1,0.055131,false,2026-04-08 01:47:36.650286,,true
572,2025-07-25,1,0.055131,false,2026-04-08 01:47:36.650286,,true
573,2025-07-26,1,0.055131,true,2026-04-08 01:47:36.650286,,true
574,2025-07-27,1,0.055131,true,2026-04-08 01:47:36.650286,,true
575,2025-07-28,1,0.055131,false,2026-04-08 01:47:36.650286,,true
576,2025-07-29,1,0.055131,false,2026-04-08 01:47:36.650286,,true
577,2025-07-30,1,0.055131,false,2026-04-08 01:47:36.650286,,true
578,2025-07-31,1,0.055131,false,2026-04-08 01:47:36.650286,,true
579,2025-08-01,1,0.055131,false,2026-04-08 01:47:36.650286,,true
580,2025-08-02,1,0.055131,true,2026-04-08 01:47:36.650286,,true
581,2025-08-03,1,0.055131,true,2026-04-08 01:47:36.650286,,true
582,2025-08-04,1,0.055131,false,2026-04-08 01:47:36.650286,,true
583,2025-08-05,1,0.055131,false,2026-04-08 01:47:36.650286,,true
584,2025-08-06,1,0.055131,false,2026-04-08 01:47:36.650286,,true
585,2025-08-07,1,0.055131,false,2026-04-08 01:47:36.650286,,true
586,2025-08-08,1,0.055131,false,2026-04-08 01:47:36.650286,,true
587,2025-08-09,1,0.055131,true,2026-04-08 01:47:36.650286,,true
588,2025-08-10,1,0.055131,true,2026-04-08 01:47:36.650286,,true
589,2025-08-11,1,0.055131,false,2026-04-08 01:47:36.650286,,true
590,2025-08-12,1,0.055131,false,2026-04-08 01:47:36.650286,,true
591,2025-08-13,1,0.055131,false,2026-04-08 01:47:36.650286,,true
592,2025-08-14,1,0.055131,false,2026-04-08 01:47:36.650286,,true
593,2025-08-15,1,0.055131,false,2026-04-08 01:47:36.650286,,true
594,2025-08-16,1,0.055131,true,2026-04-08 01:47:36.650286,,true
595,2025-08-17,1,0.055131,true,2026-04-08 01:47:36.650286,,true
596,2025-08-18,1,0.055131,false,2026-04-08 01:47:36.650286,,true
597,2025-08-19,1,0.055131,false,2026-04-08 01:47:36.650286,,true
598,2025-08-20,1,0.055131,false,2026-04-08 01:47:36.650286,,true
599,2025-08-21,1,0.055131,false,2026-04-08 01:47:36.650286,,true
600,2025-08-22,1,0.055131,false,2026-04-08 01:47:36.650286,,true
601,2025-08-23,1,0.055131,true,2026-04-08 01:47:36.650286,,true
602,2025-08-24,1,0.055131,true,2026-04-08 01:47:36.650286,,true
603,2025-08-25,1,0.055131,false,2026-04-08 01:47:36.650286,,true
604,2025-08-26,1,0.055131,false,2026-04-08 01:47:36.650286,,true
605,2025-08-27,1,0.055131,false,2026-04-08 01:47:36.650286,,true
606,2025-08-28,1,0.055131,false,2026-04-08 01:47:36.650286,,true
607,2025-08-29,1,0.055131,false,2026-04-08 01:47:36.650286,,true
608,2025-08-30,1,0.055131,true,2026-04-08 01:47:36.650286,,true
609,2025-08-31,1,0.055131,true,2026-04-08 01:47:36.650286,,true
610,2025-09-01,1,0.055131,false,2026-04-08 01:47:36.650286,,true
611,2025-09-02,1,0.055131,false,2026-04-08 01:47:36.650286,,true
612,2025-09-03,1,0.055131,false,2026-04-08 01:47:36.650286,,true
613,2025-09-04,1,0.055131,false,2026-04-08 01:47:36.650286,,true
614,2025-09-05,1,0.055131,false,2026-04-08 01:47:36.650286,,true
615,2025-09-06,1,0.055131,true,2026-04-08 01:47:36.650286,,true
616,2025-09-07,1,0.055131,true,2026-04-08 01:47:36.650286,,true
617,2025-09-08,1,0.055131,false,2026-04-08 01:47:36.650286,,true
618,2025-09-09,1,0.055131,false,2026-04-08 01:47:36.650286,,true
619,2025-09-10,1,0.055131,false,2026-04-08 01:47:36.650286,,true
620,2025-09-11,1,0.055131,false,2026-04-08 01:47:36.650286,,true
621,2025-09-12,1,0.055131,false,2026-04-08 01:47:36.650286,,true
622,2025-09-13,1,0.055131,true,2026-04-08 01:47:36.650286,,true
623,2025-09-14,1,0.055131,true,2026-04-08 01:47:36.650286,,true
624,2025-09-15,1,0.055131,false,2026-04-08 01:47:36.650286,,true
625,2025-09-16,1,0.055131,false,2026-04-08 01:47:36.650286,,true
626,2025-09-17,1,0.055131,false,2026-04-08 01:47:36.650286,,true
627,2025-09-18,1,0.055131,false,2026-04-08 01:47:36.650286,,true
628,2025-09-19,1,0.055131,false,2026-04-08 01:47:36.650286,,true
629,2025-09-20,1,0.055131,true,2026-04-08 01:47:36.650286,,true
630,2025-09-21,1,0.055131,true,2026-04-08 01:47:36.650286,,true
631,2025-09-22,1,0.055131,false,2026-04-08 01:47:36.650286,,true
632,2025-09-23,1,0.055131,false,2026-04-08 01:47:36.650286,,true
633,2025-09-24,1,0.055131,false,2026-04-08 01:47:36.650286,,true
634,2025-09-25,1,0.055131,false,2026-04-08 01:47:36.650286,,true
635,2025-09-26,1,0.055131,false,2026-04-08 01:47:36.650286,,true
636,2025-09-27,1,0.055131,true,2026-04-08 01:47:36.650286,,true
637,2025-09-28,1,0.055131,true,2026-04-08 01:47:36.650286,,true
638,2025-09-29,1,0.055131,false,2026-04-08 01:47:36.650286,,true
639,2025-09-30,1,0.055131,false,2026-04-08 01:47:36.650286,,true
640,2025-10-01,1,0.055131,false,2026-04-08 01:47:36.650286,,true
641,2025-10-02,1,0.055131,false,2026-04-08 01:47:36.650286,,true
642,2025-10-03,1,0.055131,false,2026-04-08 01:47:36.650286,,true
643,2025-10-04,1,0.055131,true,2026-04-08 01:47:36.650286,,true
644,2025-10-05,1,0.055131,true,2026-04-08 01:47:36.650286,,true
645,2025-10-06,1,0.055131,false,2026-04-08 01:47:36.650286,,true
646,2025-10-07,1,0.055131,false,2026-04-08 01:47:36.650286,,true
647,2025-10-08,1,0.055131,false,2026-04-08 01:47:36.650286,,true
648,2025-10-09,1,0.055131,false,2026-04-08 01:47:36.650286,,true
649,2025-10-10,1,0.055131,false,2026-04-08 01:47:36.650286,,true
650,2025-10-11,1,0.055131,true,2026-04-08 01:47:36.650286,,true
651,2025-10-12,1,0.055131,true,2026-04-08 01:47:36.650286,,true
652,2025-10-13,1,0.055131,false,2026-04-08 01:47:36.650286,,true
653,2025-10-14,1,0.055131,false,2026-04-08 01:47:36.650286,,true
654,2025-10-15,1,0.055131,false,2026-04-08 01:47:36.650286,,true
655,2025-10-16,1,0.055131,false,2026-04-08 01:47:36.650286,,true
656,2025-10-17,1,0.055131,false,2026-04-08 01:47:36.650286,,true
657,2025-10-18,1,0.055131,true,2026-04-08 01:47:36.650286,,true
658,2025-10-19,1,0.055131,true,2026-04-08 01:47:36.650286,,true
659,2025-10-20,1,0.055131,false,2026-04-08 01:47:36.650286,,true
660,2025-10-21,1,0.055131,false,2026-04-08 01:47:36.650286,,true
661,2025-10-22,1,0.055131,false,2026-04-08 01:47:36.650286,,true
662,2025-10-23,1,0.055131,false,2026-04-08 01:47:36.650286,,true
663,2025-10-24,1,0.055131,false,2026-04-08 01:47:36.650286,,true
664,2025-10-25,1,0.055131,true,2026-04-08 01:47:36.650286,,true
665,2025-10-26,1,0.055131,true,2026-04-08 01:47:36.650286,,true
666,2025-10-27,1,0.055131,false,2026-04-08 01:47:36.650286,,true
667,2025-10-28,1,0.055131,false,2026-04-08 01:47:36.650286,,true
668,2025-10-29,1,0.055131,false,2026-04-08 01:47:36.650286,,true
669,2025-10-30,1,0.055131,false,2026-04-08 01:47:36.650286,,true
670,2025-10-31,1,0.055131,false,2026-04-08 01:47:36.650286,,true
671,2025-11-01,1,0.055131,true,2026-04-08 01:47:36.650286,,true
672,2025-11-02,1,0.055131,true,2026-04-08 01:47:36.650286,,true
673,2025-11-03,1,0.055131,false,2026-04-08 01:47:36.650286,,true
674,2025-11-04,1,0.055131,false,2026-04-08 01:47:36.650286,,true
675,2025-11-05,1,0.055131,false,2026-04-08 01:47:36.650286,,true
676,2025-11-06,1,0.055131,false,2026-04-08 01:47:36.650286,,true
677,2025-11-07,1,0.055131,false,2026-04-08 01:47:36.650286,,true
678,2025-11-08,1,0.055131,true,2026-04-08 01:47:36.650286,,true
679,2025-11-09,1,0.055131,true,2026-04-08 01:47:36.650286,,true
680,2025-11-10,1,0.055131,false,2026-04-08 01:47:36.650286,,true
681,2025-11-11,1,0.055131,false,2026-04-08 01:47:36.650286,,true
682,2025-11-12,1,0.055131,false,2026-04-08 01:47:36.650286,,true
683,2025-11-13,1,0.055131,false,2026-04-08 01:47:36.650286,,true
684,2025-11-14,1,0.055131,false,2026-04-08 01:47:36.650286,,true
685,2025-11-15,1,0.055131,true,2026-04-08 01:47:36.650286,,true
686,2025-11-16,1,0.055131,true,2026-04-08 01:47:36.650286,,true
687,2025-11-17,1,0.055131,false,2026-04-08 01:47:36.650286,,true
688,2025-11-18,1,0.055131,false,2026-04-08 01:47:36.650286,,true
689,2025-11-19,1,0.055131,false,2026-04-08 01:47:36.650286,,true
690,2025-11-20,1,0.055131,true,2026-04-08 01:47:36.650286,,true
691,2025-11-21,1,0.055131,false,2026-04-08 01:47:36.650286,,true
692,2025-11-22,1,0.055131,true,2026-04-08 01:47:36.650286,,true
693,2025-11-23,1,0.055131,true,2026-04-08 01:47:36.650286,,true
694,2025-11-24,1,0.055131,false,2026-04-08 01:47:36.650286,,true
695,2025-11-25,1,0.055131,false,2026-04-08 01:47:36.650286,,true
696,2025-11-26,1,0.055131,false,2026-04-08 01:47:36.650286,,true
697,2025-11-27,1,0.055131,false,2026-04-08 01:47:36.650286,,true
698,2025-11-28,1,0.055131,false,2026-04-08 01:47:36.650286,,true
699,2025-11-29,1,0.055131,true,2026-04-08 01:47:36.650286,,true
700,2025-11-30,1,0.055131,true,2026-04-08 01:47:36.650286,,true
701,2025-12-01,1,0.055131,false,2026-04-08 01:47:36.650286,,true
702,2025-12-02,1,0.055131,false,2026-04-08 01:47:36.650286,,true
703,2025-12-03,1,0.055131,false,2026-04-08 01:47:36.650286,,true
704,2025-12-04,1,0.055131,false,2026-04-08 01:47:36.650286,,true
705,2025-12-05,1,0.055131,false,2026-04-08 01:47:36.650286,,true
706,2025-12-06,1,0.055131,true,2026-04-08 01:47:36.650286,,true
707,2025-12-07,1,0.055131,true,2026-04-08 01:47:36.650286,,true
708,2025-12-08,1,0.055131,false,2026-04-08 01:47:36.650286,,true
709,2025-12-09,1,0.055131,false,2026-04-08 01:47:36.650286,,true
710,2025-12-10,1,0.055131,false,2026-04-08 01:47:36.650286,,true
711,2025-12-11,1,0.055131,false,2026-04-08 01:47:36.650286,,true
712,2025-12-12,1,0.055131,false,2026-04-08 01:47:36.650286,,true
713,2025-12-13,1,0.055131,true,2026-04-08 01:47:36.650286,,true
714,2025-12-14,1,0.055131,true,2026-04-08 01:47:36.650286,,true
715,2025-12-15,1,0.055131,false,2026-04-08 01:47:36.650286,,true
716,2025-12-16,1,0.055131,false,2026-04-08 01:47:36.650286,,true
717,2025-12-17,1,0.055131,false,2026-04-08 01:47:36.650286,,true
718,2025-12-18,1,0.055131,false,2026-04-08 01:47:36.650286,,true
719,2025-12-19,1,0.055131,false,2026-04-08 01:47:36.650286,,true
720,2025-12-20,1,0.055131,true,2026-04-08 01:47:36.650286,,true
721,2025-12-21,1,0.055131,true,2026-04-08 01:47:36.650286,,true
722,2025-12-22,1,0.055131,false,2026-04-08 01:47:36.650286,,true
723,2025-12-23,1,0.055131,false,2026-04-08 01:47:36.650286,,true
724,2025-12-24,1,0.055131,false,2026-04-08 01:47:36.650286,,true
725,2025-12-25,1,0.055131,true,2026-04-08 01:47:36.650286,,true
726,2025-12-26,1,0.055131,false,2026-04-08 01:47:36.650286,,true
727,2025-12-27,1,0.055131,true,2026-04-08 01:47:36.650286,,true
728,2025-12-28,1,0.055131,true,2026-04-08 01:47:36.650286,,true
729,2025-12-29,1,0.055131,false,2026-04-08 01:47:36.650286,,true
730,2025-12-30,1,0.055131,false,2026-04-08 01:47:36.650286,,true
731,2025-12-31,1,0.055131,false,2026-04-08 01:47:36.650286,,true
732,2026-01-01,1,0.055131,true,2026-04-08 01:47:36.650286,,true
733,2026-01-02,1,0.055131,false,2026-04-08 01:47:36.650286,,true
734,2026-01-03,1,0.055131,true,2026-04-08 01:47:36.650286,,true
735,2026-01-04,1,0.055131,true,2026-04-08 01:47:36.650286,,true
736,2026-01-05,1,0.055131,false,2026-04-08 01:47:36.650286,,true
737,2026-01-06,1,0.055131,false,2026-04-08 01:47:36.650286,,true
738,2026-01-07,1,0.055131,false,2026-04-08 01:47:36.650286,,true
739,2026-01-08,1,0.055131,false,2026-04-08 01:47:36.650286,,true
740,2026-01-09,1,0.055131,false,2026-04-08 01:47:36.650286,,true
741,2026-01-10,1,0.055131,true,2026-04-08 01:47:36.650286,,true
742,2026-01-11,1,0.055131,true,2026-04-08 01:47:36.650286,,true
743,2026-01-12,1,0.055131,false,2026-04-08 01:47:36.650286,,true
744,2026-01-13,1,0.055131,false,2026-04-08 01:47:36.650286,,true
745,2026-01-14,1,0.055131,false,2026-04-08 01:47:36.650286,,true
746,2026-01-15,1,0.055131,false,2026-04-08 01:47:36.650286,,true
747,2026-01-16,1,0.055131,false,2026-04-08 01:47:36.650286,,true
748,2026-01-17,1,0.055131,true,2026-04-08 01:47:36.650286,,true
749,2026-01-18,1,0.055131,true,2026-04-08 01:47:36.650286,,true
750,2026-01-19,1,0.055131,false,2026-04-08 01:47:36.650286,,true
751,2026-01-20,1,0.055131,false,2026-04-08 01:47:36.650286,,true
752,2026-01-21,1,0.055131,false,2026-04-08 01:47:36.650286,,true
753,2026-01-22,1,0.055131,false,2026-04-08 01:47:36.650286,,true
754,2026-01-23,1,0.055131,false,2026-04-08 01:47:36.650286,,true
755,2026-01-24,1,0.055131,true,2026-04-08 01:47:36.650286,,true
756,2026-01-25,1,0.055131,true,2026-04-08 01:47:36.650286,,true
757,2026-01-26,1,0.055131,false,2026-04-08 01:47:36.650286,,true
758,2026-01-27,1,0.055131,false,2026-04-08 01:47:36.650286,,true
759,2026-01-28,1,0.055131,false,2026-04-08 01:47:36.650286,,true
760,2026-01-29,1,0.055131,false,2026-04-08 01:47:36.650286,,true
761,2026-01-30,1,0.055131,false,2026-04-08 01:47:36.650286,,true
762,2026-01-31,1,0.055131,true,2026-04-08 01:47:36.650286,,true
763,2026-02-01,1,0.055131,true,2026-04-08 01:47:36.650286,,true
764,2026-02-02,1,0.055131,false,2026-04-08 01:47:36.650286,,true
765,2026-02-03,1,0.055131,false,2026-04-08 01:47:36.650286,,true
766,2026-02-04,1,0.055131,false,2026-04-08 01:47:36.650286,,true
767,2026-02-05,1,0.055131,false,2026-04-08 01:47:36.650286,,true
768,2026-02-06,1,0.055131,false,2026-04-08 01:47:36.650286,,true
769,2026-02-07,1,0.055131,true,2026-04-08 01:47:36.650286,,true
770,2026-02-08,1,0.055131,true,2026-04-08 01:47:36.650286,,true
771,2026-02-09,1,0.055131,false,2026-04-08 01:47:36.650286,,true
772,2026-02-10,1,0.055131,false,2026-04-08 01:47:36.650286,,true
773,2026-02-11,1,0.055131,false,2026-04-08 01:47:36.650286,,true
774,2026-02-12,1,0.055131,false,2026-04-08 01:47:36.650286,,true
775,2026-02-13,1,0.055131,false,2026-04-08 01:47:36.650286,,true
776,2026-02-14,1,0.055131,true,2026-04-08 01:47:36.650286,,true
777,2026-02-15,1,0.055131,true,2026-04-08 01:47:36.650286,,true
778,2026-02-16,1,0.055131,true,2026-04-08 01:47:36.650286,,true
779,2026-02-17,1,0.055131,true,2026-04-08 01:47:36.650286,,true
780,2026-02-18,1,0.055131,false,2026-04-08 01:47:36.650286,,true
781,2026-02-19,1,0.055131,false,2026-04-08 01:47:36.650286,,true
782,2026-02-20,1,0.055131,false,2026-04-08 01:47:36.650286,,true
783,2026-02-21,1,0.055131,true,2026-04-08 01:47:36.650286,,true
784,2026-02-22,1,0.055131,true,2026-04-08 01:47:36.650286,,true
785,2026-02-23,1,0.055131,false,2026-04-08 01:47:36.650286,,true
786,2026-02-24,1,0.055131,false,2026-04-08 01:47:36.650286,,true
787,2026-02-25,1,0.055131,false,2026-04-08 01:47:36.650286,,true
788,2026-02-26,1,0.055131,false,2026-04-08 01:47:36.650286,,true
789,2026-02-27,1,0.055131,false,2026-04-08 01:47:36.650286,,true
790,2026-02-28,1,0.055131,true,2026-04-08 01:47:36.650286,,true
791,2026-03-01,1,0.055131,true,2026-04-08 01:47:36.650286,,true
792,2026-03-02,1,0.055131,false,2026-04-08 01:47:36.650286,,true
793,2026-03-03,1,0.055131,false,2026-04-08 01:47:36.650286,,true
794,2026-03-04,1,0.055131,false,2026-04-08 01:47:36.650286,,true
795,2026-03-05,1,0.055131,false,2026-04-08 01:47:36.650286,,true
796,2026-03-06,1,0.055131,false,2026-04-08 01:47:36.650286,,true
797,2026-03-07,1,0.055131,true,2026-04-08 01:47:36.650286,,true
798,2026-03-08,1,0.055131,true,2026-04-08 01:47:36.650286,,true
799,2026-03-09,1,0.055131,false,2026-04-08 01:47:36.650286,,true
800,2026-03-10,1,0.055131,false,2026-04-08 01:47:36.650286,,true
801,2026-03-11,1,0.055131,false,2026-04-08 01:47:36.650286,,true
802,2026-03-12,1,0.055131,false,2026-04-08 01:47:36.650286,,true
803,2026-03-13,1,0.055131,false,2026-04-08 01:47:36.650286,,true
804,2026-03-14,1,0.055131,true,2026-04-08 01:47:36.650286,,true
805,2026-03-15,1,0.055131,true,2026-04-08 01:47:36.650286,,true
806,2026-03-16,1,0.055131,false,2026-04-08 01:47:36.650286,,true
807,2026-03-17,1,0.055131,false,2026-04-08 01:47:36.650286,,true
808,2026-03-18,1,0.055131,false,2026-04-08 01:47:36.650286,,true
809,2026-03-19,1,0.054266,false,2026-04-08 01:47:36.650286,,true
810,2026-03-20,1,0.054266,false,2026-04-08 01:47:36.650286,,true
811,2026-03-21,1,0.054266,true,2026-04-08 01:47:36.650286,,true
812,2026-03-22,1,0.054266,true,2026-04-08 01:47:36.650286,,true
813,2026-03-23,1,0.054266,false,2026-04-08 01:47:36.650286,,true
814,2026-03-24,1,0.054266,false,2026-04-08 01:47:36.650286,,true
815,2026-03-25,1,0.054266,false,2026-04-08 01:47:36.650286,,true
816,2026-03-26,1,0.054266,false,2026-04-08 01:47:36.650286,,true
817,2026-03-27,1,0.054266,false,2026-04-08 01:47:36.650286,,true
818,2026-03-28,1,0.054266,true,2026-04-08 01:47:36.650286,,true
819,2026-03-29,1,0.054266,true,2026-04-08 01:47:36.650286,,true
820,2026-03-30,1,0.054266,false,2026-04-08 01:47:36.650286,,true
821,2026-03-31,1,0.054266,false,2026-04-08 01:47:36.650286,,true
822,2026-04-01,1,0.054266,false,2026-04-08 01:47:36.650286,,true
823,2026-04-02,1,0.054266,false,2026-04-08 01:47:36.650286,,true
824,2026-04-03,1,0.054266,true,2026-04-08 01:47:36.650286,,true
825,2026-04-04,1,0.054266,true,2026-04-08 01:47:36.650286,,true
826,2026-04-05,1,0.054266,true,2026-04-08 01:47:36.650286,,true
827,2026-04-06,1,0.054266,false,2026-04-08 01:47:36.650286,,true
828,2026-04-07,1,0.054266,false,2026-04-08 01:47:36.650286,,true
829,2026-04-08,1,0.054266,true,2026-04-08 01:47:36.650286,,true
830,2024-01-01,2,,true,2026-04-08 01:47:36.650771,,true
831,2024-01-02,2,4.891000,false,2026-04-08 01:47:36.650771,,true
832,2024-01-03,2,4.920600,false,2026-04-08 01:47:36.650771,,true
833,2024-01-04,2,4.918200,false,2026-04-08 01:47:36.650771,,true
834,2024-01-05,2,4.889300,false,2026-04-08 01:47:36.650771,,true
835,2024-01-06,2,4.889300,true,2026-04-08 01:47:36.650771,,true
836,2024-01-07,2,4.889300,true,2026-04-08 01:47:36.650771,,true
837,2024-01-08,2,4.884400,false,2026-04-08 01:47:36.650771,,true
838,2024-01-09,2,4.893100,false,2026-04-08 01:47:36.650771,,true
839,2024-01-10,2,4.889500,false,2026-04-08 01:47:36.650771,,true
840,2024-01-11,2,4.878800,false,2026-04-08 01:47:36.650771,,true
841,2024-01-12,2,4.853700,false,2026-04-08 01:47:36.650771,,true
842,2024-01-13,2,4.853700,true,2026-04-08 01:47:36.650771,,true
843,2024-01-14,2,4.853700,true,2026-04-08 01:47:36.650771,,true
844,2024-01-15,2,4.875900,false,2026-04-08 01:47:36.650771,,true
845,2024-01-16,2,4.903200,false,2026-04-08 01:47:36.650771,,true
846,2024-01-17,2,4.934000,false,2026-04-08 01:47:36.650771,,true
847,2024-01-18,2,4.939700,false,2026-04-08 01:47:36.650771,,true
848,2024-01-19,2,4.921700,false,2026-04-08 01:47:36.650771,,true
849,2024-01-20,2,4.921700,true,2026-04-08 01:47:36.650771,,true
850,2024-01-21,2,4.921700,true,2026-04-08 01:47:36.650771,,true
851,2024-01-22,2,4.948400,false,2026-04-08 01:47:36.650771,,true
852,2024-01-23,2,4.970900,false,2026-04-08 01:47:36.650771,,true
853,2024-01-24,2,4.918600,false,2026-04-08 01:47:36.650771,,true
854,2024-01-25,2,4.922600,false,2026-04-08 01:47:36.650771,,true
855,2024-01-26,2,4.911900,false,2026-04-08 01:47:36.650771,,true
856,2024-01-27,2,4.911900,true,2026-04-08 01:47:36.650771,,true
857,2024-01-28,2,4.911900,true,2026-04-08 01:47:36.650771,,true
858,2024-01-29,2,4.921900,false,2026-04-08 01:47:36.650771,,true
859,2024-01-30,2,4.963200,false,2026-04-08 01:47:36.650771,,true
860,2024-01-31,2,4.952900,false,2026-04-08 01:47:36.650771,,true
861,2024-02-01,2,4.934400,false,2026-04-08 01:47:36.650771,,true
862,2024-02-02,2,4.946500,false,2026-04-08 01:47:36.650771,,true
863,2024-02-03,2,4.946500,true,2026-04-08 01:47:36.650771,,true
864,2024-02-04,2,4.946500,true,2026-04-08 01:47:36.650771,,true
865,2024-02-05,2,5.004700,false,2026-04-08 01:47:36.650771,,true
866,2024-02-06,2,4.968100,false,2026-04-08 01:47:36.650771,,true
867,2024-02-07,2,4.960200,false,2026-04-08 01:47:36.650771,,true
868,2024-02-08,2,4.979800,false,2026-04-08 01:47:36.650771,,true
869,2024-02-09,2,4.971100,false,2026-04-08 01:47:36.650771,,true
870,2024-02-10,2,4.971100,true,2026-04-08 01:47:36.650771,,true
871,2024-02-11,2,4.971100,true,2026-04-08 01:47:36.650771,,true
872,2024-02-12,2,4.971100,true,2026-04-08 01:47:36.650771,,true
873,2024-02-13,2,4.971100,true,2026-04-08 01:47:36.650771,,true
874,2024-02-14,2,4.971700,false,2026-04-08 01:47:36.650771,,true
875,2024-02-15,2,4.970400,false,2026-04-08 01:47:36.650771,,true
876,2024-02-16,2,4.975500,false,2026-04-08 01:47:36.650771,,true
877,2024-02-17,2,4.975500,true,2026-04-08 01:47:36.650771,,true
878,2024-02-18,2,4.975500,true,2026-04-08 01:47:36.650771,,true
879,2024-02-19,2,4.957900,false,2026-04-08 01:47:36.650771,,true
880,2024-02-20,2,4.940200,false,2026-04-08 01:47:36.650771,,true
881,2024-02-21,2,4.929700,false,2026-04-08 01:47:36.650771,,true
882,2024-02-22,2,4.941300,false,2026-04-08 01:47:36.650771,,true
883,2024-02-23,2,4.984500,false,2026-04-08 01:47:36.650771,,true
884,2024-02-24,2,4.984500,true,2026-04-08 01:47:36.650771,,true
885,2024-02-25,2,4.984500,true,2026-04-08 01:47:36.650771,,true
886,2024-02-26,2,4.981300,false,2026-04-08 01:47:36.650771,,true
887,2024-02-27,2,4.956900,false,2026-04-08 01:47:36.650771,,true
888,2024-02-28,2,4.955100,false,2026-04-08 01:47:36.650771,,true
889,2024-02-29,2,4.982700,false,2026-04-08 01:47:36.650771,,true
890,2024-03-01,2,4.959000,false,2026-04-08 01:47:36.650771,,true
891,2024-03-02,2,4.959000,true,2026-04-08 01:47:36.650771,,true
892,2024-03-03,2,4.959000,true,2026-04-08 01:47:36.650771,,true
893,2024-03-04,2,4.946900,false,2026-04-08 01:47:36.650771,,true
894,2024-03-05,2,4.948200,false,2026-04-08 01:47:36.650771,,true
895,2024-03-06,2,4.939200,false,2026-04-08 01:47:36.650771,,true
896,2024-03-07,2,4.935800,false,2026-04-08 01:47:36.650771,,true
897,2024-03-08,2,4.974500,false,2026-04-08 01:47:36.650771,,true
898,2024-03-09,2,4.974500,true,2026-04-08 01:47:36.650771,,true
899,2024-03-10,2,4.974500,true,2026-04-08 01:47:36.650771,,true
900,2024-03-11,2,4.977100,false,2026-04-08 01:47:36.650771,,true
901,2024-03-12,2,4.980700,false,2026-04-08 01:47:36.650771,,true
902,2024-03-13,2,4.979700,false,2026-04-08 01:47:36.650771,,true
903,2024-03-14,2,4.976200,false,2026-04-08 01:47:36.650771,,true
904,2024-03-15,2,4.993100,false,2026-04-08 01:47:36.650771,,true
905,2024-03-16,2,4.993100,true,2026-04-08 01:47:36.650771,,true
906,2024-03-17,2,4.993100,true,2026-04-08 01:47:36.650771,,true
907,2024-03-18,2,5.011800,false,2026-04-08 01:47:36.650771,,true
908,2024-03-19,2,5.034600,false,2026-04-08 01:47:36.650771,,true
909,2024-03-20,2,5.011400,false,2026-04-08 01:47:36.650771,,true
910,2024-03-21,2,4.980100,false,2026-04-08 01:47:36.650771,,true
911,2024-03-22,2,4.989100,false,2026-04-08 01:47:36.650771,,true
912,2024-03-23,2,4.989100,true,2026-04-08 01:47:36.650771,,true
913,2024-03-24,2,4.989100,true,2026-04-08 01:47:36.650771,,true
914,2024-03-25,2,4.986300,false,2026-04-08 01:47:36.650771,,true
915,2024-03-26,2,4.986400,false,2026-04-08 01:47:36.650771,,true
916,2024-03-27,2,4.985000,false,2026-04-08 01:47:36.650771,,true
917,2024-03-28,2,4.995600,false,2026-04-08 01:47:36.650771,,true
918,2024-03-29,2,4.995600,true,2026-04-08 01:47:36.650771,,true
919,2024-03-30,2,4.995600,true,2026-04-08 01:47:36.650771,,true
920,2024-03-31,2,4.995600,true,2026-04-08 01:47:36.650771,,true
921,2024-04-01,2,5.052600,false,2026-04-08 01:47:36.650771,,true
922,2024-04-02,2,5.046900,false,2026-04-08 01:47:36.650771,,true
923,2024-04-03,2,5.071800,false,2026-04-08 01:47:36.650771,,true
924,2024-04-04,2,5.023100,false,2026-04-08 01:47:36.650771,,true
925,2024-04-05,2,5.051400,false,2026-04-08 01:47:36.650771,,true
926,2024-04-06,2,5.051400,true,2026-04-08 01:47:36.650771,,true
927,2024-04-07,2,5.051400,true,2026-04-08 01:47:36.650771,,true
928,2024-04-08,2,5.041500,false,2026-04-08 01:47:36.650771,,true
929,2024-04-09,2,5.007400,false,2026-04-08 01:47:36.650771,,true
930,2024-04-10,2,5.064800,false,2026-04-08 01:47:36.650771,,true
931,2024-04-11,2,5.075900,false,2026-04-08 01:47:36.650771,,true
932,2024-04-12,2,5.135800,false,2026-04-08 01:47:36.650771,,true
933,2024-04-13,2,5.135800,true,2026-04-08 01:47:36.650771,,true
934,2024-04-14,2,5.135800,true,2026-04-08 01:47:36.650771,,true
935,2024-04-15,2,5.174000,false,2026-04-08 01:47:36.650771,,true
936,2024-04-16,2,5.262800,false,2026-04-08 01:47:36.650771,,true
937,2024-04-17,2,5.246300,false,2026-04-08 01:47:36.650771,,true
938,2024-04-18,2,5.250600,false,2026-04-08 01:47:36.650771,,true
939,2024-04-19,2,5.226300,false,2026-04-08 01:47:36.650771,,true
940,2024-04-20,2,5.226300,true,2026-04-08 01:47:36.650771,,true
941,2024-04-21,2,5.226300,true,2026-04-08 01:47:36.650771,,true
942,2024-04-22,2,5.203700,false,2026-04-08 01:47:36.650771,,true
943,2024-04-23,2,5.162000,false,2026-04-08 01:47:36.650771,,true
944,2024-04-24,2,5.158600,false,2026-04-08 01:47:36.650771,,true
945,2024-04-25,2,5.167300,false,2026-04-08 01:47:36.650771,,true
946,2024-04-26,2,5.117800,false,2026-04-08 01:47:36.650771,,true
947,2024-04-27,2,5.117800,true,2026-04-08 01:47:36.650771,,true
948,2024-04-28,2,5.117800,true,2026-04-08 01:47:36.650771,,true
949,2024-04-29,2,5.114900,false,2026-04-08 01:47:36.650771,,true
950,2024-04-30,2,5.171200,false,2026-04-08 01:47:36.650771,,true
951,2024-05-01,2,5.171200,true,2026-04-08 01:47:36.650771,,true
952,2024-05-02,2,5.117800,false,2026-04-08 01:47:36.650771,,true
953,2024-05-03,2,5.066200,false,2026-04-08 01:47:36.650771,,true
954,2024-05-04,2,5.066200,true,2026-04-08 01:47:36.650771,,true
955,2024-05-05,2,5.066200,true,2026-04-08 01:47:36.650771,,true
956,2024-05-06,2,5.072100,false,2026-04-08 01:47:36.650771,,true
957,2024-05-07,2,5.060400,false,2026-04-08 01:47:36.650771,,true
958,2024-05-08,2,5.088100,false,2026-04-08 01:47:36.650771,,true
959,2024-05-09,2,5.157100,false,2026-04-08 01:47:36.650771,,true
960,2024-05-10,2,5.145800,false,2026-04-08 01:47:36.650771,,true
961,2024-05-11,2,5.145800,true,2026-04-08 01:47:36.650771,,true
962,2024-05-12,2,5.145800,true,2026-04-08 01:47:36.650771,,true
963,2024-05-13,2,5.140600,false,2026-04-08 01:47:36.650771,,true
964,2024-05-14,2,5.135000,false,2026-04-08 01:47:36.650771,,true
965,2024-05-15,2,5.141700,false,2026-04-08 01:47:36.650771,,true
966,2024-05-16,2,5.126400,false,2026-04-08 01:47:36.650771,,true
967,2024-05-17,2,5.115100,false,2026-04-08 01:47:36.650771,,true
968,2024-05-18,2,5.115100,true,2026-04-08 01:47:36.650771,,true
969,2024-05-19,2,5.115100,true,2026-04-08 01:47:36.650771,,true
970,2024-05-20,2,5.107900,false,2026-04-08 01:47:36.650771,,true
971,2024-05-21,2,5.103100,false,2026-04-08 01:47:36.650771,,true
972,2024-05-22,2,5.149600,false,2026-04-08 01:47:36.650771,,true
973,2024-05-23,2,5.143700,false,2026-04-08 01:47:36.650771,,true
974,2024-05-24,2,5.150200,false,2026-04-08 01:47:36.650771,,true
975,2024-05-25,2,5.150200,true,2026-04-08 01:47:36.650771,,true
976,2024-05-26,2,5.150200,true,2026-04-08 01:47:36.650771,,true
977,2024-05-27,2,5.169800,false,2026-04-08 01:47:36.650771,,true
978,2024-05-28,2,5.153200,false,2026-04-08 01:47:36.650771,,true
979,2024-05-29,2,5.196600,false,2026-04-08 01:47:36.650771,,true
980,2024-05-30,2,5.196600,true,2026-04-08 01:47:36.650771,,true
981,2024-05-31,2,5.241000,false,2026-04-08 01:47:36.650771,,true
982,2024-06-01,2,5.241000,true,2026-04-08 01:47:36.650771,,true
983,2024-06-02,2,5.241000,true,2026-04-08 01:47:36.650771,,true
984,2024-06-03,2,5.236700,false,2026-04-08 01:47:36.650771,,true
985,2024-06-04,2,5.268100,false,2026-04-08 01:47:36.650771,,true
986,2024-06-05,2,5.283500,false,2026-04-08 01:47:36.650771,,true
987,2024-06-06,2,5.267500,false,2026-04-08 01:47:36.650771,,true
988,2024-06-07,2,5.279600,false,2026-04-08 01:47:36.650771,,true
989,2024-06-08,2,5.279600,true,2026-04-08 01:47:36.650771,,true
990,2024-06-09,2,5.279600,true,2026-04-08 01:47:36.650771,,true
991,2024-06-10,2,5.366000,false,2026-04-08 01:47:36.650771,,true
992,2024-06-11,2,5.351900,false,2026-04-08 01:47:36.650771,,true
993,2024-06-12,2,5.388500,false,2026-04-08 01:47:36.650771,,true
994,2024-06-13,2,5.396800,false,2026-04-08 01:47:36.650771,,true
995,2024-06-14,2,5.362400,false,2026-04-08 01:47:36.650771,,true
996,2024-06-15,2,5.362400,true,2026-04-08 01:47:36.650771,,true
997,2024-06-16,2,5.362400,true,2026-04-08 01:47:36.650771,,true
998,2024-06-17,2,5.412400,false,2026-04-08 01:47:36.650771,,true
999,2024-06-18,2,5.406800,false,2026-04-08 01:47:36.650771,,true
1000,2024-06-19,2,5.464100,false,2026-04-08 01:47:36.650771,,true
1001,2024-06-20,2,5.424800,false,2026-04-08 01:47:36.650771,,true
1002,2024-06-21,2,5.441000,false,2026-04-08 01:47:36.650771,,true
1003,2024-06-22,2,5.441000,true,2026-04-08 01:47:36.650771,,true
1004,2024-06-23,2,5.441000,true,2026-04-08 01:47:36.650771,,true
1005,2024-06-24,2,5.399400,false,2026-04-08 01:47:36.650771,,true
1006,2024-06-25,2,5.428300,false,2026-04-08 01:47:36.650771,,true
1007,2024-06-26,2,5.509100,false,2026-04-08 01:47:36.650771,,true
1008,2024-06-27,2,5.522300,false,2026-04-08 01:47:36.650771,,true
1009,2024-06-28,2,5.558300,false,2026-04-08 01:47:36.650771,,true
1010,2024-06-29,2,5.558300,true,2026-04-08 01:47:36.650771,,true
1011,2024-06-30,2,5.558300,true,2026-04-08 01:47:36.650771,,true
1012,2024-07-01,2,5.588700,false,2026-04-08 01:47:36.650771,,true
1013,2024-07-02,2,5.667100,false,2026-04-08 01:47:36.650771,,true
1014,2024-07-03,2,5.585700,false,2026-04-08 01:47:36.650771,,true
1015,2024-07-04,2,5.483300,false,2026-04-08 01:47:36.650771,,true
1016,2024-07-05,2,5.496400,false,2026-04-08 01:47:36.650771,,true
1017,2024-07-06,2,5.496400,true,2026-04-08 01:47:36.650771,,true
1018,2024-07-07,2,5.496400,true,2026-04-08 01:47:36.650771,,true
1019,2024-07-08,2,5.471400,false,2026-04-08 01:47:36.650771,,true
1020,2024-07-09,2,5.438100,false,2026-04-08 01:47:36.650771,,true
1021,2024-07-10,2,5.396100,false,2026-04-08 01:47:36.650771,,true
1022,2024-07-11,2,5.409400,false,2026-04-08 01:47:36.650771,,true
1023,2024-07-12,2,5.452300,false,2026-04-08 01:47:36.650771,,true
1024,2024-07-13,2,5.452300,true,2026-04-08 01:47:36.650771,,true
1025,2024-07-14,2,5.452300,true,2026-04-08 01:47:36.650771,,true
1026,2024-07-15,2,5.455700,false,2026-04-08 01:47:36.650771,,true
1027,2024-07-16,2,5.426800,false,2026-04-08 01:47:36.650771,,true
1028,2024-07-17,2,5.466400,false,2026-04-08 01:47:36.650771,,true
1029,2024-07-18,2,5.542000,false,2026-04-08 01:47:36.650771,,true
1030,2024-07-19,2,5.553700,false,2026-04-08 01:47:36.650771,,true
1031,2024-07-20,2,5.553700,true,2026-04-08 01:47:36.650771,,true
1032,2024-07-21,2,5.553700,true,2026-04-08 01:47:36.650771,,true
1033,2024-07-22,2,5.559200,false,2026-04-08 01:47:36.650771,,true
1034,2024-07-23,2,5.580100,false,2026-04-08 01:47:36.650771,,true
1035,2024-07-24,2,5.634000,false,2026-04-08 01:47:36.650771,,true
1036,2024-07-25,2,5.639600,false,2026-04-08 01:47:36.650771,,true
1037,2024-07-26,2,5.645900,false,2026-04-08 01:47:36.650771,,true
1038,2024-07-27,2,5.645900,true,2026-04-08 01:47:36.650771,,true
1039,2024-07-28,2,5.645900,true,2026-04-08 01:47:36.650771,,true
1040,2024-07-29,2,5.647300,false,2026-04-08 01:47:36.650771,,true
1041,2024-07-30,2,5.652600,false,2026-04-08 01:47:36.650771,,true
1042,2024-07-31,2,5.661500,false,2026-04-08 01:47:36.650771,,true
1043,2024-08-01,2,5.667500,false,2026-04-08 01:47:36.650771,,true
1044,2024-08-02,2,5.736000,false,2026-04-08 01:47:36.650771,,true
1045,2024-08-03,2,5.736000,true,2026-04-08 01:47:36.650771,,true
1046,2024-08-04,2,5.736000,true,2026-04-08 01:47:36.650771,,true
1047,2024-08-05,2,5.764000,false,2026-04-08 01:47:36.650771,,true
1048,2024-08-06,2,5.652200,false,2026-04-08 01:47:36.650771,,true
1049,2024-08-07,2,5.608700,false,2026-04-08 01:47:36.650771,,true
1050,2024-08-08,2,5.616600,false,2026-04-08 01:47:36.650771,,true
1051,2024-08-09,2,5.510900,false,2026-04-08 01:47:36.650771,,true
1052,2024-08-10,2,5.510900,true,2026-04-08 01:47:36.650771,,true
1053,2024-08-11,2,5.510900,true,2026-04-08 01:47:36.650771,,true
1054,2024-08-12,2,5.490500,false,2026-04-08 01:47:36.650771,,true
1055,2024-08-13,2,5.486900,false,2026-04-08 01:47:36.650771,,true
1056,2024-08-14,2,5.449600,false,2026-04-08 01:47:36.650771,,true
1057,2024-08-15,2,5.464500,false,2026-04-08 01:47:36.650771,,true
1058,2024-08-16,2,5.462600,false,2026-04-08 01:47:36.650771,,true
1059,2024-08-17,2,5.462600,true,2026-04-08 01:47:36.650771,,true
1060,2024-08-18,2,5.462600,true,2026-04-08 01:47:36.650771,,true
1061,2024-08-19,2,5.423100,false,2026-04-08 01:47:36.650771,,true
1062,2024-08-20,2,5.454100,false,2026-04-08 01:47:36.650771,,true
1063,2024-08-21,2,5.470100,false,2026-04-08 01:47:36.650771,,true
1064,2024-08-22,2,5.551800,false,2026-04-08 01:47:36.650771,,true
1065,2024-08-23,2,5.525700,false,2026-04-08 01:47:36.650771,,true
1066,2024-08-24,2,5.525700,true,2026-04-08 01:47:36.650771,,true
1067,2024-08-25,2,5.525700,true,2026-04-08 01:47:36.650771,,true
1068,2024-08-26,2,5.491500,false,2026-04-08 01:47:36.650771,,true
1069,2024-08-27,2,5.496300,false,2026-04-08 01:47:36.650771,,true
1070,2024-08-28,2,5.530900,false,2026-04-08 01:47:36.650771,,true
1071,2024-08-29,2,5.635200,false,2026-04-08 01:47:36.650771,,true
1072,2024-08-30,2,5.655600,false,2026-04-08 01:47:36.650771,,true
1073,2024-08-31,2,5.655600,true,2026-04-08 01:47:36.650771,,true
1074,2024-09-01,2,5.655600,true,2026-04-08 01:47:36.650771,,true
1075,2024-09-02,2,5.622400,false,2026-04-08 01:47:36.650771,,true
1076,2024-09-03,2,5.621800,false,2026-04-08 01:47:36.650771,,true
1077,2024-09-04,2,5.635300,false,2026-04-08 01:47:36.650771,,true
1078,2024-09-05,2,5.604300,false,2026-04-08 01:47:36.650771,,true
1079,2024-09-06,2,5.569600,false,2026-04-08 01:47:36.650771,,true
1080,2024-09-07,2,5.569600,true,2026-04-08 01:47:36.650771,,true
1081,2024-09-08,2,5.569600,true,2026-04-08 01:47:36.650771,,true
1082,2024-09-09,2,5.609100,false,2026-04-08 01:47:36.650771,,true
1083,2024-09-10,2,5.624800,false,2026-04-08 01:47:36.650771,,true
1084,2024-09-11,2,5.638100,false,2026-04-08 01:47:36.650771,,true
1085,2024-09-12,2,5.654800,false,2026-04-08 01:47:36.650771,,true
1086,2024-09-13,2,5.571100,false,2026-04-08 01:47:36.650771,,true
1087,2024-09-14,2,5.571100,true,2026-04-08 01:47:36.650771,,true
1088,2024-09-15,2,5.571100,true,2026-04-08 01:47:36.650771,,true
1089,2024-09-16,2,5.520100,false,2026-04-08 01:47:36.650771,,true
1090,2024-09-17,2,5.500400,false,2026-04-08 01:47:36.650771,,true
1091,2024-09-18,2,5.476100,false,2026-04-08 01:47:36.650771,,true
1092,2024-09-19,2,5.418300,false,2026-04-08 01:47:36.650771,,true
1093,2024-09-20,2,5.476900,false,2026-04-08 01:47:36.650771,,true
1094,2024-09-21,2,5.476900,true,2026-04-08 01:47:36.650771,,true
1095,2024-09-22,2,5.476900,true,2026-04-08 01:47:36.650771,,true
1096,2024-09-23,2,5.544000,false,2026-04-08 01:47:36.650771,,true
1097,2024-09-24,2,5.469600,false,2026-04-08 01:47:36.650771,,true
1098,2024-09-25,2,5.473000,false,2026-04-08 01:47:36.650771,,true
1099,2024-09-26,2,5.440600,false,2026-04-08 01:47:36.650771,,true
1100,2024-09-27,2,5.442500,false,2026-04-08 01:47:36.650771,,true
1101,2024-09-28,2,5.442500,true,2026-04-08 01:47:36.650771,,true
1102,2024-09-29,2,5.442500,true,2026-04-08 01:47:36.650771,,true
1103,2024-09-30,2,5.447500,false,2026-04-08 01:47:36.650771,,true
1104,2024-10-01,2,5.451500,false,2026-04-08 01:47:36.650771,,true
1105,2024-10-02,2,5.429900,false,2026-04-08 01:47:36.650771,,true
1106,2024-10-03,2,5.484400,false,2026-04-08 01:47:36.650771,,true
1107,2024-10-04,2,5.468000,false,2026-04-08 01:47:36.650771,,true
1108,2024-10-05,2,5.468000,true,2026-04-08 01:47:36.650771,,true
1109,2024-10-06,2,5.468000,true,2026-04-08 01:47:36.650771,,true
1110,2024-10-07,2,5.462000,false,2026-04-08 01:47:36.650771,,true
1111,2024-10-08,2,5.519100,false,2026-04-08 01:47:36.650771,,true
1112,2024-10-09,2,5.573100,false,2026-04-08 01:47:36.650771,,true
1113,2024-10-10,2,5.581300,false,2026-04-08 01:47:36.650771,,true
1114,2024-10-11,2,5.625700,false,2026-04-08 01:47:36.650771,,true
1115,2024-10-12,2,5.625700,true,2026-04-08 01:47:36.650771,,true
1116,2024-10-13,2,5.625700,true,2026-04-08 01:47:36.650771,,true
1117,2024-10-14,2,5.603900,false,2026-04-08 01:47:36.650771,,true
1118,2024-10-15,2,5.637200,false,2026-04-08 01:47:36.650771,,true
1119,2024-10-16,2,5.674300,false,2026-04-08 01:47:36.650771,,true
1120,2024-10-17,2,5.675200,false,2026-04-08 01:47:36.650771,,true
1121,2024-10-18,2,5.666600,false,2026-04-08 01:47:36.650771,,true
1122,2024-10-19,2,5.666600,true,2026-04-08 01:47:36.650771,,true
1123,2024-10-20,2,5.666600,true,2026-04-08 01:47:36.650771,,true
1124,2024-10-21,2,5.706200,false,2026-04-08 01:47:36.650771,,true
1125,2024-10-22,2,5.695200,false,2026-04-08 01:47:36.650771,,true
1126,2024-10-23,2,5.714300,false,2026-04-08 01:47:36.650771,,true
1127,2024-10-24,2,5.708100,false,2026-04-08 01:47:36.650771,,true
1128,2024-10-25,2,5.696300,false,2026-04-08 01:47:36.650771,,true
1129,2024-10-26,2,5.696300,true,2026-04-08 01:47:36.650771,,true
1130,2024-10-27,2,5.696300,true,2026-04-08 01:47:36.650771,,true
1131,2024-10-28,2,5.698200,false,2026-04-08 01:47:36.650771,,true
1132,2024-10-29,2,5.713400,false,2026-04-08 01:47:36.650771,,true
1133,2024-10-30,2,5.779500,false,2026-04-08 01:47:36.650771,,true
1134,2024-10-31,2,5.777300,false,2026-04-08 01:47:36.650771,,true
1135,2024-11-01,2,5.806700,false,2026-04-08 01:47:36.650771,,true
1136,2024-11-02,2,5.806700,true,2026-04-08 01:47:36.650771,,true
1137,2024-11-03,2,5.806700,true,2026-04-08 01:47:36.650771,,true
1138,2024-11-04,2,5.789200,false,2026-04-08 01:47:36.650771,,true
1139,2024-11-05,2,5.784000,false,2026-04-08 01:47:36.650771,,true
1140,2024-11-06,2,5.764200,false,2026-04-08 01:47:36.650771,,true
1141,2024-11-07,2,5.661800,false,2026-04-08 01:47:36.650771,,true
1142,2024-11-08,2,5.764200,false,2026-04-08 01:47:36.650771,,true
1143,2024-11-09,2,5.764200,true,2026-04-08 01:47:36.650771,,true
1144,2024-11-10,2,5.764200,true,2026-04-08 01:47:36.650771,,true
1145,2024-11-11,2,5.797400,false,2026-04-08 01:47:36.650771,,true
1146,2024-11-12,2,5.768800,false,2026-04-08 01:47:36.650771,,true
1147,2024-11-13,2,5.770700,false,2026-04-08 01:47:36.650771,,true
1148,2024-11-14,2,5.787900,false,2026-04-08 01:47:36.650771,,true
1149,2024-11-15,2,5.787900,true,2026-04-08 01:47:36.650771,,true
1150,2024-11-16,2,5.787900,true,2026-04-08 01:47:36.650771,,true
1151,2024-11-17,2,5.787900,true,2026-04-08 01:47:36.650771,,true
1152,2024-11-18,2,5.759700,false,2026-04-08 01:47:36.650771,,true
1153,2024-11-19,2,5.773700,false,2026-04-08 01:47:36.650771,,true
1154,2024-11-20,2,5.773700,true,2026-04-08 01:47:36.650771,,true
1155,2024-11-21,2,5.816700,false,2026-04-08 01:47:36.650771,,true
1156,2024-11-22,2,5.811800,false,2026-04-08 01:47:36.650771,,true
1157,2024-11-23,2,5.811800,true,2026-04-08 01:47:36.650771,,true
1158,2024-11-24,2,5.811800,true,2026-04-08 01:47:36.650771,,true
1159,2024-11-25,2,5.799600,false,2026-04-08 01:47:36.650771,,true
1160,2024-11-26,2,5.798400,false,2026-04-08 01:47:36.650771,,true
1161,2024-11-27,2,5.828500,false,2026-04-08 01:47:36.650771,,true
1162,2024-11-28,2,5.986500,false,2026-04-08 01:47:36.650771,,true
1163,2024-11-29,2,6.052900,false,2026-04-08 01:47:36.650771,,true
1164,2024-11-30,2,6.052900,true,2026-04-08 01:47:36.650771,,true
1165,2024-12-01,2,6.052900,true,2026-04-08 01:47:36.650771,,true
1166,2024-12-02,2,6.062800,false,2026-04-08 01:47:36.650771,,true
1167,2024-12-03,2,6.070100,false,2026-04-08 01:47:36.650771,,true
1168,2024-12-04,2,6.057500,false,2026-04-08 01:47:36.650771,,true
1169,2024-12-05,2,5.984300,false,2026-04-08 01:47:36.650771,,true
1170,2024-12-06,2,6.028700,false,2026-04-08 01:47:36.650771,,true
1171,2024-12-07,2,6.028700,true,2026-04-08 01:47:36.650771,,true
1172,2024-12-08,2,6.028700,true,2026-04-08 01:47:36.650771,,true
1173,2024-12-09,2,6.056400,false,2026-04-08 01:47:36.650771,,true
1174,2024-12-10,2,6.052300,false,2026-04-08 01:47:36.650771,,true
1175,2024-12-11,2,6.031400,false,2026-04-08 01:47:36.650771,,true
1176,2024-12-12,2,5.940200,false,2026-04-08 01:47:36.650771,,true
1177,2024-12-13,2,6.039400,false,2026-04-08 01:47:36.650771,,true
1178,2024-12-14,2,6.039400,true,2026-04-08 01:47:36.650771,,true
1179,2024-12-15,2,6.039400,true,2026-04-08 01:47:36.650771,,true
1180,2024-12-16,2,6.050400,false,2026-04-08 01:47:36.650771,,true
1181,2024-12-17,2,6.167900,false,2026-04-08 01:47:36.650771,,true
1182,2024-12-18,2,6.161800,false,2026-04-08 01:47:36.650771,,true
1183,2024-12-19,2,6.183500,false,2026-04-08 01:47:36.650771,,true
1184,2024-12-20,2,6.077400,false,2026-04-08 01:47:36.650771,,true
1185,2024-12-21,2,6.077400,true,2026-04-08 01:47:36.650771,,true
1186,2024-12-22,2,6.077400,true,2026-04-08 01:47:36.650771,,true
1187,2024-12-23,2,6.160600,false,2026-04-08 01:47:36.650771,,true
1188,2024-12-24,2,6.152700,false,2026-04-08 01:47:36.650771,,true
1189,2024-12-25,2,6.152700,true,2026-04-08 01:47:36.650771,,true
1190,2024-12-26,2,6.165000,false,2026-04-08 01:47:36.650771,,true
1191,2024-12-27,2,6.198500,false,2026-04-08 01:47:36.650771,,true
1192,2024-12-28,2,6.198500,true,2026-04-08 01:47:36.650771,,true
1193,2024-12-29,2,6.198500,true,2026-04-08 01:47:36.650771,,true
1194,2024-12-30,2,6.191700,false,2026-04-08 01:47:36.650771,,true
1195,2024-12-31,2,6.191700,false,2026-04-08 01:47:36.650771,,true
1196,2025-01-01,2,6.191700,true,2026-04-08 01:47:36.650771,,true
1197,2025-01-02,2,6.208000,false,2026-04-08 01:47:36.650771,,true
1198,2025-01-03,2,6.155700,false,2026-04-08 01:47:36.650771,,true
1199,2025-01-04,2,6.155700,true,2026-04-08 01:47:36.650771,,true
1200,2025-01-05,2,6.155700,true,2026-04-08 01:47:36.650771,,true
1201,2025-01-06,2,6.111300,false,2026-04-08 01:47:36.650771,,true
1202,2025-01-07,2,6.073500,false,2026-04-08 01:47:36.650771,,true
1203,2025-01-08,2,6.131500,false,2026-04-08 01:47:36.650771,,true
1204,2025-01-09,2,6.089000,false,2026-04-08 01:47:36.650771,,true
1205,2025-01-10,2,6.095900,false,2026-04-08 01:47:36.650771,,true
1206,2025-01-11,2,6.095900,true,2026-04-08 01:47:36.650771,,true
1207,2025-01-12,2,6.095900,true,2026-04-08 01:47:36.650771,,true
1208,2025-01-13,2,6.107300,false,2026-04-08 01:47:36.650771,,true
1209,2025-01-14,2,6.066500,false,2026-04-08 01:47:36.650771,,true
1210,2025-01-15,2,6.037100,false,2026-04-08 01:47:36.650771,,true
1211,2025-01-16,2,6.031600,false,2026-04-08 01:47:36.650771,,true
1212,2025-01-17,2,6.060300,false,2026-04-08 01:47:36.650771,,true
1213,2025-01-18,2,6.060300,true,2026-04-08 01:47:36.650771,,true
1214,2025-01-19,2,6.060300,true,2026-04-08 01:47:36.650771,,true
1215,2025-01-20,2,6.049200,false,2026-04-08 01:47:36.650771,,true
1216,2025-01-21,2,6.043400,false,2026-04-08 01:47:36.650771,,true
1217,2025-01-22,2,5.966800,false,2026-04-08 01:47:36.650771,,true
1218,2025-01-23,2,5.939300,false,2026-04-08 01:47:36.650771,,true
1219,2025-01-24,2,5.891900,false,2026-04-08 01:47:36.650771,,true
1220,2025-01-25,2,5.891900,true,2026-04-08 01:47:36.650771,,true
1221,2025-01-26,2,5.891900,true,2026-04-08 01:47:36.650771,,true
1222,2025-01-27,2,5.926600,false,2026-04-08 01:47:36.650771,,true
1223,2025-01-28,2,5.892400,false,2026-04-08 01:47:36.650771,,true
1224,2025-01-29,2,5.859000,false,2026-04-08 01:47:36.650771,,true
1225,2025-01-30,2,5.900000,false,2026-04-08 01:47:36.650771,,true
1226,2025-01-31,2,5.829500,false,2026-04-08 01:47:36.650771,,true
1227,2025-02-01,2,5.829500,true,2026-04-08 01:47:36.650771,,true
1228,2025-02-02,2,5.829500,true,2026-04-08 01:47:36.650771,,true
1229,2025-02-03,2,5.868100,false,2026-04-08 01:47:36.650771,,true
1230,2025-02-04,2,5.792100,false,2026-04-08 01:47:36.650771,,true
1231,2025-02-05,2,5.799100,false,2026-04-08 01:47:36.650771,,true
1232,2025-02-06,2,5.785000,false,2026-04-08 01:47:36.650771,,true
1233,2025-02-07,2,5.755100,false,2026-04-08 01:47:36.650771,,true
1234,2025-02-08,2,5.755100,true,2026-04-08 01:47:36.650771,,true
1235,2025-02-09,2,5.755100,true,2026-04-08 01:47:36.650771,,true
1236,2025-02-10,2,5.780200,false,2026-04-08 01:47:36.650771,,true
1237,2025-02-11,2,5.778200,false,2026-04-08 01:47:36.650771,,true
1238,2025-02-12,2,5.770500,false,2026-04-08 01:47:36.650771,,true
1239,2025-02-13,2,5.778200,false,2026-04-08 01:47:36.650771,,true
1240,2025-02-14,2,5.727700,false,2026-04-08 01:47:36.650771,,true
1241,2025-02-15,2,5.727700,true,2026-04-08 01:47:36.650771,,true
1242,2025-02-16,2,5.727700,true,2026-04-08 01:47:36.650771,,true
1243,2025-02-17,2,5.709900,false,2026-04-08 01:47:36.650771,,true
1244,2025-02-18,2,5.697300,false,2026-04-08 01:47:36.650771,,true
1245,2025-02-19,2,5.708100,false,2026-04-08 01:47:36.650771,,true
1246,2025-02-20,2,5.701300,false,2026-04-08 01:47:36.650771,,true
1247,2025-02-21,2,5.702100,false,2026-04-08 01:47:36.650771,,true
1248,2025-02-22,2,5.702100,true,2026-04-08 01:47:36.650771,,true
1249,2025-02-23,2,5.702100,true,2026-04-08 01:47:36.650771,,true
1250,2025-02-24,2,5.725200,false,2026-04-08 01:47:36.650771,,true
1251,2025-02-25,2,5.777300,false,2026-04-08 01:47:36.650771,,true
1252,2025-02-26,2,5.775100,false,2026-04-08 01:47:36.650771,,true
1253,2025-02-27,2,5.822200,false,2026-04-08 01:47:36.650771,,true
1254,2025-02-28,2,5.848200,false,2026-04-08 01:47:36.650771,,true
1255,2025-03-01,2,5.848200,true,2026-04-08 01:47:36.650771,,true
1256,2025-03-02,2,5.848200,true,2026-04-08 01:47:36.650771,,true
1257,2025-03-03,2,5.848200,true,2026-04-08 01:47:36.650771,,true
1258,2025-03-04,2,5.848200,true,2026-04-08 01:47:36.650771,,true
1259,2025-03-05,2,5.790800,false,2026-04-08 01:47:36.650771,,true
1260,2025-03-06,2,5.748300,false,2026-04-08 01:47:36.650771,,true
1261,2025-03-07,2,5.768200,false,2026-04-08 01:47:36.650771,,true
1262,2025-03-08,2,5.768200,true,2026-04-08 01:47:36.650771,,true
1263,2025-03-09,2,5.768200,true,2026-04-08 01:47:36.650771,,true
1264,2025-03-10,2,5.792400,false,2026-04-08 01:47:36.650771,,true
1265,2025-03-11,2,5.834100,false,2026-04-08 01:47:36.650771,,true
1266,2025-03-12,2,5.826200,false,2026-04-08 01:47:36.650771,,true
1267,2025-03-13,2,5.812500,false,2026-04-08 01:47:36.650771,,true
1268,2025-03-14,2,5.741300,false,2026-04-08 01:47:36.650771,,true
1269,2025-03-15,2,5.741300,true,2026-04-08 01:47:36.650771,,true
1270,2025-03-16,2,5.741300,true,2026-04-08 01:47:36.650771,,true
1271,2025-03-17,2,5.707600,false,2026-04-08 01:47:36.650771,,true
1272,2025-03-18,2,5.684600,false,2026-04-08 01:47:36.650771,,true
1273,2025-03-19,2,5.665100,false,2026-04-08 01:47:36.650771,,true
1274,2025-03-20,2,5.662200,false,2026-04-08 01:47:36.650771,,true
1275,2025-03-21,2,5.723500,false,2026-04-08 01:47:36.650771,,true
1276,2025-03-22,2,5.723500,true,2026-04-08 01:47:36.650771,,true
1277,2025-03-23,2,5.723500,true,2026-04-08 01:47:36.650771,,true
1278,2025-03-24,2,5.739700,false,2026-04-08 01:47:36.650771,,true
1279,2025-03-25,2,5.698600,false,2026-04-08 01:47:36.650771,,true
1280,2025-03-26,2,5.729200,false,2026-04-08 01:47:36.650771,,true
1281,2025-03-27,2,5.746800,false,2026-04-08 01:47:36.650771,,true
1282,2025-03-28,2,5.765400,false,2026-04-08 01:47:36.650771,,true
1283,2025-03-29,2,5.765400,true,2026-04-08 01:47:36.650771,,true
1284,2025-03-30,2,5.765400,true,2026-04-08 01:47:36.650771,,true
1285,2025-03-31,2,5.741600,false,2026-04-08 01:47:36.650771,,true
1286,2025-04-01,2,5.704500,false,2026-04-08 01:47:36.650771,,true
1287,2025-04-02,2,5.691800,false,2026-04-08 01:47:36.650771,,true
1288,2025-04-03,2,5.606200,false,2026-04-08 01:47:36.650771,,true
1289,2025-04-04,2,5.777100,false,2026-04-08 01:47:36.650771,,true
1290,2025-04-05,2,5.777100,true,2026-04-08 01:47:36.650771,,true
1291,2025-04-06,2,5.777100,true,2026-04-08 01:47:36.650771,,true
1292,2025-04-07,2,5.887100,false,2026-04-08 01:47:36.650771,,true
1293,2025-04-08,2,5.936200,false,2026-04-08 01:47:36.650771,,true
1294,2025-04-09,2,6.059900,false,2026-04-08 01:47:36.650771,,true
1295,2025-04-10,2,5.910900,false,2026-04-08 01:47:36.650771,,true
1296,2025-04-11,2,5.873100,false,2026-04-08 01:47:36.650771,,true
1297,2025-04-12,2,5.873100,true,2026-04-08 01:47:36.650771,,true
1298,2025-04-13,2,5.873100,true,2026-04-08 01:47:36.650771,,true
1299,2025-04-14,2,5.841900,false,2026-04-08 01:47:36.650771,,true
1300,2025-04-15,2,5.870100,false,2026-04-08 01:47:36.650771,,true
1301,2025-04-16,2,5.880200,false,2026-04-08 01:47:36.650771,,true
1302,2025-04-17,2,5.855300,false,2026-04-08 01:47:36.650771,,true
1303,2025-04-18,2,5.855300,true,2026-04-08 01:47:36.650771,,true
1304,2025-04-19,2,5.855300,true,2026-04-08 01:47:36.650771,,true
1305,2025-04-20,2,5.855300,true,2026-04-08 01:47:36.650771,,true
1306,2025-04-21,2,5.855300,true,2026-04-08 01:47:36.650771,,true
1307,2025-04-22,2,5.749000,false,2026-04-08 01:47:36.650771,,true
1308,2025-04-23,2,5.687400,false,2026-04-08 01:47:36.650771,,true
1309,2025-04-24,2,5.673200,false,2026-04-08 01:47:36.650771,,true
1310,2025-04-25,2,5.684000,false,2026-04-08 01:47:36.650771,,true
1311,2025-04-26,2,5.684000,true,2026-04-08 01:47:36.650771,,true
1312,2025-04-27,2,5.684000,true,2026-04-08 01:47:36.650771,,true
1313,2025-04-28,2,5.667500,false,2026-04-08 01:47:36.650771,,true
1314,2025-04-29,2,5.646100,false,2026-04-08 01:47:36.650771,,true
1315,2025-04-30,2,5.660200,false,2026-04-08 01:47:36.650771,,true
1316,2025-05-01,2,5.660200,true,2026-04-08 01:47:36.650771,,true
1317,2025-05-02,2,5.638800,false,2026-04-08 01:47:36.650771,,true
1318,2025-05-03,2,5.638800,true,2026-04-08 01:47:36.650771,,true
1319,2025-05-04,2,5.638800,true,2026-04-08 01:47:36.650771,,true
1320,2025-05-05,2,5.651400,false,2026-04-08 01:47:36.650771,,true
1321,2025-05-06,2,5.720400,false,2026-04-08 01:47:36.650771,,true
1322,2025-05-07,2,5.736800,false,2026-04-08 01:47:36.650771,,true
1323,2025-05-08,2,5.685400,false,2026-04-08 01:47:36.650771,,true
1324,2025-05-09,2,5.650500,false,2026-04-08 01:47:36.650771,,true
1325,2025-05-10,2,5.650500,true,2026-04-08 01:47:36.650771,,true
1326,2025-05-11,2,5.650500,true,2026-04-08 01:47:36.650771,,true
1327,2025-05-12,2,5.681600,false,2026-04-08 01:47:36.650771,,true
1328,2025-05-13,2,5.625600,false,2026-04-08 01:47:36.650771,,true
1329,2025-05-14,2,5.609400,false,2026-04-08 01:47:36.650771,,true
1330,2025-05-15,2,5.632200,false,2026-04-08 01:47:36.650771,,true
1331,2025-05-16,2,5.691900,false,2026-04-08 01:47:36.650771,,true
1332,2025-05-17,2,5.691900,true,2026-04-08 01:47:36.650771,,true
1333,2025-05-18,2,5.691900,true,2026-04-08 01:47:36.650771,,true
1334,2025-05-19,2,5.658500,false,2026-04-08 01:47:36.650771,,true
1335,2025-05-20,2,5.661400,false,2026-04-08 01:47:36.650771,,true
1336,2025-05-21,2,5.656500,false,2026-04-08 01:47:36.650771,,true
1337,2025-05-22,2,5.638400,false,2026-04-08 01:47:36.650771,,true
1338,2025-05-23,2,5.692600,false,2026-04-08 01:47:36.650771,,true
1339,2025-05-24,2,5.692600,true,2026-04-08 01:47:36.650771,,true
1340,2025-05-25,2,5.692600,true,2026-04-08 01:47:36.650771,,true
1341,2025-05-26,2,5.661300,false,2026-04-08 01:47:36.650771,,true
1342,2025-05-27,2,5.653300,false,2026-04-08 01:47:36.650771,,true
1343,2025-05-28,2,5.693000,false,2026-04-08 01:47:36.650771,,true
1344,2025-05-29,2,5.655300,false,2026-04-08 01:47:36.650771,,true
1345,2025-05-30,2,5.708100,false,2026-04-08 01:47:36.650771,,true
1346,2025-05-31,2,5.708100,true,2026-04-08 01:47:36.650771,,true
1347,2025-06-01,2,5.708100,true,2026-04-08 01:47:36.650771,,true
1348,2025-06-02,2,5.693100,false,2026-04-08 01:47:36.650771,,true
1349,2025-06-03,2,5.668800,false,2026-04-08 01:47:36.650771,,true
1350,2025-06-04,2,5.632600,false,2026-04-08 01:47:36.650771,,true
1351,2025-06-05,2,5.596300,false,2026-04-08 01:47:36.650771,,true
1352,2025-06-06,2,5.594100,false,2026-04-08 01:47:36.650771,,true
1353,2025-06-07,2,5.594100,true,2026-04-08 01:47:36.650771,,true
1354,2025-06-08,2,5.594100,true,2026-04-08 01:47:36.650771,,true
1355,2025-06-09,2,5.575400,false,2026-04-08 01:47:36.650771,,true
1356,2025-06-10,2,5.555100,false,2026-04-08 01:47:36.650771,,true
1357,2025-06-11,2,5.538400,false,2026-04-08 01:47:36.650771,,true
1358,2025-06-12,2,5.538200,false,2026-04-08 01:47:36.650771,,true
1359,2025-06-13,2,5.564600,false,2026-04-08 01:47:36.650771,,true
1360,2025-06-14,2,5.564600,true,2026-04-08 01:47:36.650771,,true
1361,2025-06-15,2,5.564600,true,2026-04-08 01:47:36.650771,,true
1362,2025-06-16,2,5.511700,false,2026-04-08 01:47:36.650771,,true
1363,2025-06-17,2,5.476700,false,2026-04-08 01:47:36.650771,,true
1364,2025-06-18,2,5.487300,false,2026-04-08 01:47:36.650771,,true
1365,2025-06-19,2,5.487300,true,2026-04-08 01:47:36.650771,,true
1366,2025-06-20,2,5.495100,false,2026-04-08 01:47:36.650771,,true
1367,2025-06-21,2,5.495100,true,2026-04-08 01:47:36.650771,,true
1368,2025-06-22,2,5.495100,true,2026-04-08 01:47:36.650771,,true
1369,2025-06-23,2,5.520700,false,2026-04-08 01:47:36.650771,,true
1370,2025-06-24,2,5.493200,false,2026-04-08 01:47:36.650771,,true
1371,2025-06-25,2,5.542100,false,2026-04-08 01:47:36.650771,,true
1372,2025-06-26,2,5.513900,false,2026-04-08 01:47:36.650771,,true
1373,2025-06-27,2,5.475300,false,2026-04-08 01:47:36.650771,,true
1374,2025-06-28,2,5.475300,true,2026-04-08 01:47:36.650771,,true
1375,2025-06-29,2,5.475300,true,2026-04-08 01:47:36.650771,,true
1376,2025-06-30,2,5.456500,false,2026-04-08 01:47:36.650771,,true
1377,2025-07-01,2,5.450500,false,2026-04-08 01:47:36.650771,,true
1378,2025-07-02,2,5.450600,false,2026-04-08 01:47:36.650771,,true
1379,2025-07-03,2,5.420200,false,2026-04-08 01:47:36.650771,,true
1380,2025-07-04,2,5.408400,false,2026-04-08 01:47:36.650771,,true
1381,2025-07-05,2,5.408400,true,2026-04-08 01:47:36.650771,,true
1382,2025-07-06,2,5.408400,true,2026-04-08 01:47:36.650771,,true
1383,2025-07-07,2,5.454600,false,2026-04-08 01:47:36.650771,,true
1384,2025-07-08,2,5.456500,false,2026-04-08 01:47:36.650771,,true
1385,2025-07-09,2,5.462000,false,2026-04-08 01:47:36.650771,,true
1386,2025-07-10,2,5.542700,false,2026-04-08 01:47:36.650771,,true
1387,2025-07-11,2,5.571600,false,2026-04-08 01:47:36.650771,,true
1388,2025-07-12,2,5.571600,true,2026-04-08 01:47:36.650771,,true
1389,2025-07-13,2,5.571600,true,2026-04-08 01:47:36.650771,,true
1390,2025-07-14,2,5.558900,false,2026-04-08 01:47:36.650771,,true
1391,2025-07-15,2,5.556900,false,2026-04-08 01:47:36.650771,,true
1392,2025-07-16,2,5.571600,false,2026-04-08 01:47:36.650771,,true
1393,2025-07-17,2,5.573100,false,2026-04-08 01:47:36.650771,,true
1394,2025-07-18,2,5.546000,false,2026-04-08 01:47:36.650771,,true
1395,2025-07-19,2,5.546000,true,2026-04-08 01:47:36.650771,,true
1396,2025-07-20,2,5.546000,true,2026-04-08 01:47:36.650771,,true
1397,2025-07-21,2,5.561900,false,2026-04-08 01:47:36.650771,,true
1398,2025-07-22,2,5.570300,false,2026-04-08 01:47:36.650771,,true
1399,2025-07-23,2,5.553100,false,2026-04-08 01:47:36.650771,,true
1400,2025-07-24,2,5.523300,false,2026-04-08 01:47:36.650771,,true
1401,2025-07-25,2,5.542000,false,2026-04-08 01:47:36.650771,,true
1402,2025-07-26,2,5.542000,true,2026-04-08 01:47:36.650771,,true
1403,2025-07-27,2,5.542000,true,2026-04-08 01:47:36.650771,,true
1404,2025-07-28,2,5.587100,false,2026-04-08 01:47:36.650771,,true
1405,2025-07-29,2,5.575800,false,2026-04-08 01:47:36.650771,,true
1406,2025-07-30,2,5.602800,false,2026-04-08 01:47:36.650771,,true
1407,2025-07-31,2,5.601500,false,2026-04-08 01:47:36.650771,,true
1408,2025-08-01,2,5.543000,false,2026-04-08 01:47:36.650771,,true
1409,2025-08-02,2,5.543000,true,2026-04-08 01:47:36.650771,,true
1410,2025-08-03,2,5.543000,true,2026-04-08 01:47:36.650771,,true
1411,2025-08-04,2,5.510700,false,2026-04-08 01:47:36.650771,,true
1412,2025-08-05,2,5.511300,false,2026-04-08 01:47:36.650771,,true
1413,2025-08-06,2,5.479600,false,2026-04-08 01:47:36.650771,,true
1414,2025-08-07,2,5.463200,false,2026-04-08 01:47:36.650771,,true
1415,2025-08-08,2,5.424800,false,2026-04-08 01:47:36.650771,,true
1416,2025-08-09,2,5.424800,true,2026-04-08 01:47:36.650771,,true
1417,2025-08-10,2,5.424800,true,2026-04-08 01:47:36.650771,,true
1418,2025-08-11,2,5.446700,false,2026-04-08 01:47:36.650771,,true
1419,2025-08-12,2,5.404600,false,2026-04-08 01:47:36.650771,,true
1420,2025-08-13,2,5.392200,false,2026-04-08 01:47:36.650771,,true
1421,2025-08-14,2,5.408900,false,2026-04-08 01:47:36.650771,,true
1422,2025-08-15,2,5.392200,false,2026-04-08 01:47:36.650771,,true
1423,2025-08-16,2,5.392200,true,2026-04-08 01:47:36.650771,,true
1424,2025-08-17,2,5.392200,true,2026-04-08 01:47:36.650771,,true
1425,2025-08-18,2,5.414900,false,2026-04-08 01:47:36.650771,,true
1426,2025-08-19,2,5.471000,false,2026-04-08 01:47:36.650771,,true
1427,2025-08-20,2,5.472000,false,2026-04-08 01:47:36.650771,,true
1428,2025-08-21,2,5.482200,false,2026-04-08 01:47:36.650771,,true
1429,2025-08-22,2,5.438600,false,2026-04-08 01:47:36.650771,,true
1430,2025-08-23,2,5.438600,true,2026-04-08 01:47:36.650771,,true
1431,2025-08-24,2,5.438600,true,2026-04-08 01:47:36.650771,,true
1432,2025-08-25,2,5.416800,false,2026-04-08 01:47:36.650771,,true
1433,2025-08-26,2,5.421200,false,2026-04-08 01:47:36.650771,,true
1434,2025-08-27,2,5.442200,false,2026-04-08 01:47:36.650771,,true
1435,2025-08-28,2,5.410900,false,2026-04-08 01:47:36.650771,,true
1436,2025-08-29,2,5.425800,false,2026-04-08 01:47:36.650771,,true
1437,2025-08-30,2,5.425800,true,2026-04-08 01:47:36.650771,,true
1438,2025-08-31,2,5.425800,true,2026-04-08 01:47:36.650771,,true
1439,2025-09-01,2,5.437200,false,2026-04-08 01:47:36.650771,,true
1440,2025-09-02,2,5.467400,false,2026-04-08 01:47:36.650771,,true
1441,2025-09-03,2,5.447900,false,2026-04-08 01:47:36.650771,,true
1442,2025-09-04,2,5.458100,false,2026-04-08 01:47:36.650771,,true
1443,2025-09-05,2,5.396200,false,2026-04-08 01:47:36.650771,,true
1444,2025-09-06,2,5.396200,true,2026-04-08 01:47:36.650771,,true
1445,2025-09-07,2,5.396200,true,2026-04-08 01:47:36.650771,,true
1446,2025-09-08,2,5.427200,false,2026-04-08 01:47:36.650771,,true
1447,2025-09-09,2,5.427200,false,2026-04-08 01:47:36.650771,,true
1448,2025-09-10,2,5.411700,false,2026-04-08 01:47:36.650771,,true
1449,2025-09-11,2,5.385200,false,2026-04-08 01:47:36.650771,,true
1450,2025-09-12,2,5.367100,false,2026-04-08 01:47:36.650771,,true
1451,2025-09-13,2,5.367100,true,2026-04-08 01:47:36.650771,,true
1452,2025-09-14,2,5.367100,true,2026-04-08 01:47:36.650771,,true
1453,2025-09-15,2,5.320200,false,2026-04-08 01:47:36.650771,,true
1454,2025-09-16,2,5.309000,false,2026-04-08 01:47:36.650771,,true
1455,2025-09-17,2,5.300500,false,2026-04-08 01:47:36.650771,,true
1456,2025-09-18,2,5.300400,false,2026-04-08 01:47:36.650771,,true
1457,2025-09-19,2,5.327000,false,2026-04-08 01:47:36.650771,,true
1458,2025-09-20,2,5.327000,true,2026-04-08 01:47:36.650771,,true
1459,2025-09-21,2,5.327000,true,2026-04-08 01:47:36.650771,,true
1460,2025-09-22,2,5.345100,false,2026-04-08 01:47:36.650771,,true
1461,2025-09-23,2,5.305700,false,2026-04-08 01:47:36.650771,,true
1462,2025-09-24,2,5.310600,false,2026-04-08 01:47:36.650771,,true
1463,2025-09-25,2,5.341900,false,2026-04-08 01:47:36.650771,,true
1464,2025-09-26,2,5.343900,false,2026-04-08 01:47:36.650771,,true
1465,2025-09-27,2,5.343900,true,2026-04-08 01:47:36.650771,,true
1466,2025-09-28,2,5.343900,true,2026-04-08 01:47:36.650771,,true
1467,2025-09-29,2,5.322300,false,2026-04-08 01:47:36.650771,,true
1468,2025-09-30,2,5.318000,false,2026-04-08 01:47:36.650771,,true
1469,2025-10-01,2,5.320200,false,2026-04-08 01:47:36.650771,,true
1470,2025-10-02,2,5.344300,false,2026-04-08 01:47:36.650771,,true
1471,2025-10-03,2,5.349200,false,2026-04-08 01:47:36.650771,,true
1472,2025-10-04,2,5.349200,true,2026-04-08 01:47:36.650771,,true
1473,2025-10-05,2,5.349200,true,2026-04-08 01:47:36.650771,,true
1474,2025-10-06,2,5.322000,false,2026-04-08 01:47:36.650771,,true
1475,2025-10-07,2,5.335700,false,2026-04-08 01:47:36.650771,,true
1476,2025-10-08,2,5.342100,false,2026-04-08 01:47:36.650771,,true
1477,2025-10-09,2,5.353200,false,2026-04-08 01:47:36.650771,,true
1478,2025-10-10,2,5.444000,false,2026-04-08 01:47:36.650771,,true
1479,2025-10-11,2,5.444000,true,2026-04-08 01:47:36.650771,,true
1480,2025-10-12,2,5.444000,true,2026-04-08 01:47:36.650771,,true
1481,2025-10-13,2,5.462300,false,2026-04-08 01:47:36.650771,,true
1482,2025-10-14,2,5.497600,false,2026-04-08 01:47:36.650771,,true
1483,2025-10-15,2,5.445800,false,2026-04-08 01:47:36.650771,,true
1484,2025-10-16,2,5.434800,false,2026-04-08 01:47:36.650771,,true
1485,2025-10-17,2,5.438400,false,2026-04-08 01:47:36.650771,,true
1486,2025-10-18,2,5.438400,true,2026-04-08 01:47:36.650771,,true
1487,2025-10-19,2,5.438400,true,2026-04-08 01:47:36.650771,,true
1488,2025-10-20,2,5.376500,false,2026-04-08 01:47:36.650771,,true
1489,2025-10-21,2,5.384200,false,2026-04-08 01:47:36.650771,,true
1490,2025-10-22,2,5.389200,false,2026-04-08 01:47:36.650771,,true
1491,2025-10-23,2,5.383400,false,2026-04-08 01:47:36.650771,,true
1492,2025-10-24,2,5.379100,false,2026-04-08 01:47:36.650771,,true
1493,2025-10-25,2,5.379100,true,2026-04-08 01:47:36.650771,,true
1494,2025-10-26,2,5.379100,true,2026-04-08 01:47:36.650771,,true
1495,2025-10-27,2,5.373800,false,2026-04-08 01:47:36.650771,,true
1496,2025-10-28,2,5.368400,false,2026-04-08 01:47:36.650771,,true
1497,2025-10-29,2,5.341000,false,2026-04-08 01:47:36.650771,,true
1498,2025-10-30,2,5.384400,false,2026-04-08 01:47:36.650771,,true
1499,2025-10-31,2,5.383700,false,2026-04-08 01:47:36.650771,,true
1500,2025-11-01,2,5.383700,true,2026-04-08 01:47:36.650771,,true
1501,2025-11-02,2,5.383700,true,2026-04-08 01:47:36.650771,,true
1502,2025-11-03,2,5.349900,false,2026-04-08 01:47:36.650771,,true
1503,2025-11-04,2,5.384000,false,2026-04-08 01:47:36.650771,,true
1504,2025-11-05,2,5.379200,false,2026-04-08 01:47:36.650771,,true
1505,2025-11-06,2,5.344500,false,2026-04-08 01:47:36.650771,,true
1506,2025-11-07,2,5.356100,false,2026-04-08 01:47:36.650771,,true
1507,2025-11-08,2,5.356100,true,2026-04-08 01:47:36.650771,,true
1508,2025-11-09,2,5.356100,true,2026-04-08 01:47:36.650771,,true
1509,2025-11-10,2,5.317500,false,2026-04-08 01:47:36.650771,,true
1510,2025-11-11,2,5.272300,false,2026-04-08 01:47:36.650771,,true
1511,2025-11-12,2,5.287900,false,2026-04-08 01:47:36.650771,,true
1512,2025-11-13,2,5.281400,false,2026-04-08 01:47:36.650771,,true
1513,2025-11-14,2,5.294600,false,2026-04-08 01:47:36.650771,,true
1514,2025-11-15,2,5.294600,true,2026-04-08 01:47:36.650771,,true
1515,2025-11-16,2,5.294600,true,2026-04-08 01:47:36.650771,,true
1516,2025-11-17,2,5.310200,false,2026-04-08 01:47:36.650771,,true
1517,2025-11-18,2,5.335500,false,2026-04-08 01:47:36.650771,,true
1518,2025-11-19,2,5.334000,false,2026-04-08 01:47:36.650771,,true
1519,2025-11-20,2,5.334000,true,2026-04-08 01:47:36.650771,,true
1520,2025-11-21,2,5.389600,false,2026-04-08 01:47:36.650771,,true
1521,2025-11-22,2,5.389600,true,2026-04-08 01:47:36.650771,,true
1522,2025-11-23,2,5.389600,true,2026-04-08 01:47:36.650771,,true
1523,2025-11-24,2,5.394200,false,2026-04-08 01:47:36.650771,,true
1524,2025-11-25,2,5.383500,false,2026-04-08 01:47:36.650771,,true
1525,2025-11-26,2,5.368800,false,2026-04-08 01:47:36.650771,,true
1526,2025-11-27,2,5.348400,false,2026-04-08 01:47:36.650771,,true
1527,2025-11-28,2,5.333200,false,2026-04-08 01:47:36.650771,,true
1528,2025-11-29,2,5.333200,true,2026-04-08 01:47:36.650771,,true
1529,2025-11-30,2,5.333200,true,2026-04-08 01:47:36.650771,,true
1530,2025-12-01,2,5.346300,false,2026-04-08 01:47:36.650771,,true
1531,2025-12-02,2,5.345900,false,2026-04-08 01:47:36.650771,,true
1532,2025-12-03,2,5.310800,false,2026-04-08 01:47:36.650771,,true
1533,2025-12-04,2,5.294600,false,2026-04-08 01:47:36.650771,,true
1534,2025-12-05,2,5.339900,false,2026-04-08 01:47:36.650771,,true
1535,2025-12-06,2,5.339900,true,2026-04-08 01:47:36.650771,,true
1536,2025-12-07,2,5.339900,true,2026-04-08 01:47:36.650771,,true
1537,2025-12-08,2,5.424300,false,2026-04-08 01:47:36.650771,,true
1538,2025-12-09,2,5.456400,false,2026-04-08 01:47:36.650771,,true
1539,2025-12-10,2,5.465000,false,2026-04-08 01:47:36.650771,,true
1540,2025-12-11,2,5.423100,false,2026-04-08 01:47:36.650771,,true
1541,2025-12-12,2,5.400500,false,2026-04-08 01:47:36.650771,,true
1542,2025-12-13,2,5.400500,true,2026-04-08 01:47:36.650771,,true
1543,2025-12-14,2,5.400500,true,2026-04-08 01:47:36.650771,,true
1544,2025-12-15,2,5.392300,false,2026-04-08 01:47:36.650771,,true
1545,2025-12-16,2,5.449900,false,2026-04-08 01:47:36.650771,,true
1546,2025-12-17,2,5.508700,false,2026-04-08 01:47:36.650771,,true
1547,2025-12-18,2,5.527700,false,2026-04-08 01:47:36.650771,,true
1548,2025-12-19,2,5.515400,false,2026-04-08 01:47:36.650771,,true
1549,2025-12-20,2,5.515400,true,2026-04-08 01:47:36.650771,,true
1550,2025-12-21,2,5.515400,true,2026-04-08 01:47:36.650771,,true
1551,2025-12-22,2,5.538300,false,2026-04-08 01:47:36.650771,,true
1552,2025-12-23,2,5.563700,false,2026-04-08 01:47:36.650771,,true
1553,2025-12-24,2,5.534200,false,2026-04-08 01:47:36.650771,,true
1554,2025-12-25,2,5.534200,true,2026-04-08 01:47:36.650771,,true
1555,2025-12-26,2,5.540700,false,2026-04-08 01:47:36.650771,,true
1556,2025-12-27,2,5.540700,true,2026-04-08 01:47:36.650771,,true
1557,2025-12-28,2,5.540700,true,2026-04-08 01:47:36.650771,,true
1558,2025-12-29,2,5.573300,false,2026-04-08 01:47:36.650771,,true
1559,2025-12-30,2,5.501800,false,2026-04-08 01:47:36.650771,,true
1560,2025-12-31,2,5.501800,false,2026-04-08 01:47:36.650771,,true
1561,2026-01-01,2,5.501800,true,2026-04-08 01:47:36.650771,,true
1562,2026-01-02,2,5.436600,false,2026-04-08 01:47:36.650771,,true
1563,2026-01-03,2,5.436600,true,2026-04-08 01:47:36.650771,,true
1564,2026-01-04,2,5.436600,true,2026-04-08 01:47:36.650771,,true
1565,2026-01-05,2,5.434500,false,2026-04-08 01:47:36.650771,,true
1566,2026-01-06,2,5.379100,false,2026-04-08 01:47:36.650771,,true
1567,2026-01-07,2,5.387400,false,2026-04-08 01:47:36.650771,,true
1568,2026-01-08,2,5.385400,false,2026-04-08 01:47:36.650771,,true
1569,2026-01-09,2,5.370100,false,2026-04-08 01:47:36.650771,,true
1570,2026-01-10,2,5.370100,true,2026-04-08 01:47:36.650771,,true
1571,2026-01-11,2,5.370100,true,2026-04-08 01:47:36.650771,,true
1572,2026-01-12,2,5.375400,false,2026-04-08 01:47:36.650771,,true
1573,2026-01-13,2,5.375800,false,2026-04-08 01:47:36.650771,,true
1574,2026-01-14,2,5.378900,false,2026-04-08 01:47:36.650771,,true
1575,2026-01-15,2,5.384000,false,2026-04-08 01:47:36.650771,,true
1576,2026-01-16,2,5.379200,false,2026-04-08 01:47:36.650771,,true
1577,2026-01-17,2,5.379200,true,2026-04-08 01:47:36.650771,,true
1578,2026-01-18,2,5.379200,true,2026-04-08 01:47:36.650771,,true
1579,2026-01-19,2,5.364700,false,2026-04-08 01:47:36.650771,,true
1580,2026-01-20,2,5.378400,false,2026-04-08 01:47:36.650771,,true
1581,2026-01-21,2,5.336200,false,2026-04-08 01:47:36.650771,,true
1582,2026-01-22,2,5.311200,false,2026-04-08 01:47:36.650771,,true
1583,2026-01-23,2,5.287200,false,2026-04-08 01:47:36.650771,,true
1584,2026-01-24,2,5.287200,true,2026-04-08 01:47:36.650771,,true
1585,2026-01-25,2,5.287200,true,2026-04-08 01:47:36.650771,,true
1586,2026-01-26,2,5.275400,false,2026-04-08 01:47:36.650771,,true
1587,2026-01-27,2,5.238600,false,2026-04-08 01:47:36.650771,,true
1588,2026-01-28,2,5.183200,false,2026-04-08 01:47:36.650771,,true
1589,2026-01-29,2,5.195000,false,2026-04-08 01:47:36.650771,,true
1590,2026-01-30,2,5.229500,false,2026-04-08 01:47:36.650771,,true
1591,2026-01-31,2,5.229500,true,2026-04-08 01:47:36.650771,,true
1592,2026-02-01,2,5.229500,true,2026-04-08 01:47:36.650771,,true
1593,2026-02-02,2,5.258100,false,2026-04-08 01:47:36.650771,,true
1594,2026-02-03,2,5.223000,false,2026-04-08 01:47:36.650771,,true
1595,2026-02-04,2,5.235300,false,2026-04-08 01:47:36.650771,,true
1596,2026-02-05,2,5.257400,false,2026-04-08 01:47:36.650771,,true
1597,2026-02-06,2,5.233500,false,2026-04-08 01:47:36.650771,,true
1598,2026-02-07,2,5.233500,true,2026-04-08 01:47:36.650771,,true
1599,2026-02-08,2,5.233500,true,2026-04-08 01:47:36.650771,,true
1600,2026-02-09,2,5.193700,false,2026-04-08 01:47:36.650771,,true
1601,2026-02-10,2,5.201500,false,2026-04-08 01:47:36.650771,,true
1602,2026-02-11,2,5.183000,false,2026-04-08 01:47:36.650771,,true
1603,2026-02-12,2,5.166800,false,2026-04-08 01:47:36.650771,,true
1604,2026-02-13,2,5.228200,false,2026-04-08 01:47:36.650771,,true
1605,2026-02-14,2,5.228200,true,2026-04-08 01:47:36.650771,,true
1606,2026-02-15,2,5.228200,true,2026-04-08 01:47:36.650771,,true
1607,2026-02-16,2,5.228200,true,2026-04-08 01:47:36.650771,,true
1608,2026-02-17,2,5.228200,true,2026-04-08 01:47:36.650771,,true
1609,2026-02-18,2,5.234300,false,2026-04-08 01:47:36.650771,,true
1610,2026-02-19,2,5.225000,false,2026-04-08 01:47:36.650771,,true
1611,2026-02-20,2,5.200000,false,2026-04-08 01:47:36.650771,,true
1612,2026-02-21,2,5.200000,true,2026-04-08 01:47:36.650771,,true
1613,2026-02-22,2,5.200000,true,2026-04-08 01:47:36.650771,,true
1614,2026-02-23,2,5.162900,false,2026-04-08 01:47:36.650771,,true
1615,2026-02-24,2,5.167600,false,2026-04-08 01:47:36.650771,,true
1616,2026-02-25,2,5.143400,false,2026-04-08 01:47:36.650771,,true
1617,2026-02-26,2,5.137600,false,2026-04-08 01:47:36.650771,,true
1618,2026-02-27,2,5.148900,false,2026-04-08 01:47:36.650771,,true
1619,2026-02-28,2,5.148900,true,2026-04-08 01:47:36.650771,,true
1620,2026-03-01,2,5.148900,true,2026-04-08 01:47:36.650771,,true
1621,2026-03-02,2,5.199500,false,2026-04-08 01:47:36.650771,,true
1622,2026-03-03,2,5.286400,false,2026-04-08 01:47:36.650771,,true
1623,2026-03-04,2,5.208500,false,2026-04-08 01:47:36.650771,,true
1624,2026-03-05,2,5.244100,false,2026-04-08 01:47:36.650771,,true
1625,2026-03-06,2,5.287200,false,2026-04-08 01:47:36.650771,,true
1626,2026-03-07,2,5.287200,true,2026-04-08 01:47:36.650771,,true
1627,2026-03-08,2,5.287200,true,2026-04-08 01:47:36.650771,,true
1628,2026-03-09,2,5.213300,false,2026-04-08 01:47:36.650771,,true
1629,2026-03-10,2,5.161600,false,2026-04-08 01:47:36.650771,,true
1630,2026-03-11,2,5.159000,false,2026-04-08 01:47:36.650771,,true
1631,2026-03-12,2,5.204500,false,2026-04-08 01:47:36.650771,,true
1632,2026-03-13,2,5.253500,false,2026-04-08 01:47:36.650771,,true
1633,2026-03-14,2,5.253500,true,2026-04-08 01:47:36.650771,,true
1634,2026-03-15,2,5.253500,true,2026-04-08 01:47:36.650771,,true
1635,2026-03-16,2,5.264100,false,2026-04-08 01:47:36.650771,,true
1636,2026-03-17,2,5.201600,false,2026-04-08 01:47:36.650771,,true
1637,2026-03-18,2,5.210600,false,2026-04-08 01:47:36.650771,,true
1638,2026-03-19,2,5.258100,false,2026-04-08 01:47:36.650771,,true
1639,2026-03-20,2,5.279300,false,2026-04-08 01:47:36.650771,,true
1640,2026-03-21,2,5.279300,true,2026-04-08 01:47:36.650771,,true
1641,2026-03-22,2,5.279300,true,2026-04-08 01:47:36.650771,,true
1642,2026-03-23,2,5.243400,false,2026-04-08 01:47:36.650771,,true
1643,2026-03-24,2,5.259300,false,2026-04-08 01:47:36.650771,,true
1644,2026-03-25,2,5.226900,false,2026-04-08 01:47:36.650771,,true
1645,2026-03-26,2,5.230200,false,2026-04-08 01:47:36.650771,,true
1646,2026-03-27,2,5.237000,false,2026-04-08 01:47:36.650771,,true
1647,2026-03-28,2,5.237000,true,2026-04-08 01:47:36.650771,,true
1648,2026-03-29,2,5.237000,true,2026-04-08 01:47:36.650771,,true
1649,2026-03-30,2,5.234700,false,2026-04-08 01:47:36.650771,,true
1650,2026-03-31,2,5.218800,false,2026-04-08 01:47:36.650771,,true
1651,2026-04-01,2,5.160000,false,2026-04-08 01:47:36.650771,,true
1652,2026-04-02,2,5.164900,false,2026-04-08 01:47:36.650771,,true
1653,2026-04-03,2,5.164900,true,2026-04-08 01:47:36.650771,,true
1654,2026-04-04,2,5.164900,true,2026-04-08 01:47:36.650771,,true
1655,2026-04-05,2,5.164900,true,2026-04-08 01:47:36.650771,,true
1656,2026-04-06,2,5.152600,false,2026-04-08 01:47:36.650771,,true
1657,2026-04-07,2,5.161900,false,2026-04-08 01:47:36.650771,,true
1658,2026-04-08,2,5.161900,true,2026-04-08 01:47:36.650771,,true
1659,2024-01-01,3,,true,2026-04-08 01:47:36.650317,,true
1660,2024-01-02,3,5.351700,false,2026-04-08 01:47:36.650317,,true
1661,2024-01-03,3,5.364900,false,2026-04-08 01:47:36.650317,,true
1662,2024-01-04,3,5.387400,false,2026-04-08 01:47:36.650317,,true
1663,2024-01-05,3,5.366500,false,2026-04-08 01:47:36.650317,,true
1664,2024-01-06,3,5.366500,true,2026-04-08 01:47:36.650317,,true
1665,2024-01-07,3,5.366500,true,2026-04-08 01:47:36.650317,,true
1666,2024-01-08,3,5.357700,false,2026-04-08 01:47:36.650317,,true
1667,2024-01-09,3,5.342300,false,2026-04-08 01:47:36.650317,,true
1668,2024-01-10,3,5.361800,false,2026-04-08 01:47:36.650317,,true
1669,2024-01-11,3,5.339800,false,2026-04-08 01:47:36.650317,,true
1670,2024-01-12,3,5.321600,false,2026-04-08 01:47:36.650317,,true
1671,2024-01-13,3,5.321600,true,2026-04-08 01:47:36.650317,,true
1672,2024-01-14,3,5.321600,true,2026-04-08 01:47:36.650317,,true
1673,2024-01-15,3,5.338100,false,2026-04-08 01:47:36.650317,,true
1674,2024-01-16,3,5.334700,false,2026-04-08 01:47:36.650317,,true
1675,2024-01-17,3,5.351900,false,2026-04-08 01:47:36.650317,,true
1676,2024-01-18,3,5.359600,false,2026-04-08 01:47:36.650317,,true
1677,2024-01-19,3,5.355800,false,2026-04-08 01:47:36.650317,,true
1678,2024-01-20,3,5.355800,true,2026-04-08 01:47:36.650317,,true
1679,2024-01-21,3,5.355800,true,2026-04-08 01:47:36.650317,,true
1680,2024-01-22,3,5.386300,false,2026-04-08 01:47:36.650317,,true
1681,2024-01-23,3,5.383500,false,2026-04-08 01:47:36.650317,,true
1682,2024-01-24,3,5.360800,false,2026-04-08 01:47:36.650317,,true
1683,2024-01-25,3,5.331700,false,2026-04-08 01:47:36.650317,,true
1684,2024-01-26,3,5.336300,false,2026-04-08 01:47:36.650317,,true
1685,2024-01-27,3,5.336300,true,2026-04-08 01:47:36.650317,,true
1686,2024-01-28,3,5.336300,true,2026-04-08 01:47:36.650317,,true
1687,2024-01-29,3,5.313700,false,2026-04-08 01:47:36.650317,,true
1688,2024-01-30,3,5.377600,false,2026-04-08 01:47:36.650317,,true
1689,2024-01-31,3,5.379300,false,2026-04-08 01:47:36.650317,,true
1690,2024-02-01,3,5.341500,false,2026-04-08 01:47:36.650317,,true
1691,2024-02-02,3,5.342700,false,2026-04-08 01:47:36.650317,,true
1692,2024-02-03,3,5.342700,true,2026-04-08 01:47:36.650317,,true
1693,2024-02-04,3,5.342700,true,2026-04-08 01:47:36.650317,,true
1694,2024-02-05,3,5.367500,false,2026-04-08 01:47:36.650317,,true
1695,2024-02-06,3,5.336200,false,2026-04-08 01:47:36.650317,,true
1696,2024-02-07,3,5.335200,false,2026-04-08 01:47:36.650317,,true
1697,2024-02-08,3,5.357800,false,2026-04-08 01:47:36.650317,,true
1698,2024-02-09,3,5.360800,false,2026-04-08 01:47:36.650317,,true
1699,2024-02-10,3,5.360800,true,2026-04-08 01:47:36.650317,,true
1700,2024-02-11,3,5.360800,true,2026-04-08 01:47:36.650317,,true
1701,2024-02-12,3,5.360800,true,2026-04-08 01:47:36.650317,,true
1702,2024-02-13,3,5.360800,true,2026-04-08 01:47:36.650317,,true
1703,2024-02-14,3,5.333100,false,2026-04-08 01:47:36.650317,,true
1704,2024-02-15,3,5.348600,false,2026-04-08 01:47:36.650317,,true
1705,2024-02-16,3,5.358100,false,2026-04-08 01:47:36.650317,,true
1706,2024-02-17,3,5.358100,true,2026-04-08 01:47:36.650317,,true
1707,2024-02-18,3,5.358100,true,2026-04-08 01:47:36.650317,,true
1708,2024-02-19,3,5.337200,false,2026-04-08 01:47:36.650317,,true
1709,2024-02-20,3,5.346300,false,2026-04-08 01:47:36.650317,,true
1710,2024-02-21,3,5.325600,false,2026-04-08 01:47:36.650317,,true
1711,2024-02-22,3,5.340600,false,2026-04-08 01:47:36.650317,,true
1712,2024-02-23,3,5.395200,false,2026-04-08 01:47:36.650317,,true
1713,2024-02-24,3,5.395200,true,2026-04-08 01:47:36.650317,,true
1714,2024-02-25,3,5.395200,true,2026-04-08 01:47:36.650317,,true
1715,2024-02-26,3,5.405200,false,2026-04-08 01:47:36.650317,,true
1716,2024-02-27,3,5.376700,false,2026-04-08 01:47:36.650317,,true
1717,2024-02-28,3,5.367400,false,2026-04-08 01:47:36.650317,,true
1718,2024-02-29,3,5.391300,false,2026-04-08 01:47:36.650317,,true
1719,2024-03-01,3,5.372100,false,2026-04-08 01:47:36.650317,,true
1720,2024-03-02,3,5.372100,true,2026-04-08 01:47:36.650317,,true
1721,2024-03-03,3,5.372100,true,2026-04-08 01:47:36.650317,,true
1722,2024-03-04,3,5.372800,false,2026-04-08 01:47:36.650317,,true
1723,2024-03-05,3,5.378700,false,2026-04-08 01:47:36.650317,,true
1724,2024-03-06,3,5.386200,false,2026-04-08 01:47:36.650317,,true
1725,2024-03-07,3,5.393800,false,2026-04-08 01:47:36.650317,,true
1726,2024-03-08,3,5.452100,false,2026-04-08 01:47:36.650317,,true
1727,2024-03-09,3,5.452100,true,2026-04-08 01:47:36.650317,,true
1728,2024-03-10,3,5.452100,true,2026-04-08 01:47:36.650317,,true
1729,2024-03-11,3,5.437500,false,2026-04-08 01:47:36.650317,,true
1730,2024-03-12,3,5.436900,false,2026-04-08 01:47:36.650317,,true
1731,2024-03-13,3,5.449300,false,2026-04-08 01:47:36.650317,,true
1732,2024-03-14,3,5.417600,false,2026-04-08 01:47:36.650317,,true
1733,2024-03-15,3,5.435000,false,2026-04-08 01:47:36.650317,,true
1734,2024-03-16,3,5.435000,true,2026-04-08 01:47:36.650317,,true
1735,2024-03-17,3,5.435000,true,2026-04-08 01:47:36.650317,,true
1736,2024-03-18,3,5.454300,false,2026-04-08 01:47:36.650317,,true
1737,2024-03-19,3,5.466100,false,2026-04-08 01:47:36.650317,,true
1738,2024-03-20,3,5.439400,false,2026-04-08 01:47:36.650317,,true
1739,2024-03-21,3,5.407900,false,2026-04-08 01:47:36.650317,,true
1740,2024-03-22,3,5.395200,false,2026-04-08 01:47:36.650317,,true
1741,2024-03-23,3,5.395200,true,2026-04-08 01:47:36.650317,,true
1742,2024-03-24,3,5.395200,true,2026-04-08 01:47:36.650317,,true
1743,2024-03-25,3,5.403200,false,2026-04-08 01:47:36.650317,,true
1744,2024-03-26,3,5.398300,false,2026-04-08 01:47:36.650317,,true
1745,2024-03-27,3,5.392800,false,2026-04-08 01:47:36.650317,,true
1746,2024-03-28,3,5.395200,false,2026-04-08 01:47:36.650317,,true
1747,2024-03-29,3,5.395200,true,2026-04-08 01:47:36.650317,,true
1748,2024-03-30,3,5.395200,true,2026-04-08 01:47:36.650317,,true
1749,2024-03-31,3,5.395200,true,2026-04-08 01:47:36.650317,,true
1750,2024-04-01,3,5.422500,false,2026-04-08 01:47:36.650317,,true
1751,2024-04-02,3,5.434000,false,2026-04-08 01:47:36.650317,,true
1752,2024-04-03,3,5.490200,false,2026-04-08 01:47:36.650317,,true
1753,2024-04-04,3,5.456600,false,2026-04-08 01:47:36.650317,,true
1754,2024-04-05,3,5.474700,false,2026-04-08 01:47:36.650317,,true
1755,2024-04-06,3,5.474700,true,2026-04-08 01:47:36.650317,,true
1756,2024-04-07,3,5.474700,true,2026-04-08 01:47:36.650317,,true
1757,2024-04-08,3,5.470000,false,2026-04-08 01:47:36.650317,,true
1758,2024-04-09,3,5.435000,false,2026-04-08 01:47:36.650317,,true
1759,2024-04-10,3,5.437100,false,2026-04-08 01:47:36.650317,,true
1760,2024-04-11,3,5.441400,false,2026-04-08 01:47:36.650317,,true
1761,2024-04-12,3,5.467100,false,2026-04-08 01:47:36.650317,,true
1762,2024-04-13,3,5.467100,true,2026-04-08 01:47:36.650317,,true
1763,2024-04-14,3,5.467100,true,2026-04-08 01:47:36.650317,,true
1764,2024-04-15,3,5.506700,false,2026-04-08 01:47:36.650317,,true
1765,2024-04-16,3,5.592300,false,2026-04-08 01:47:36.650317,,true
1766,2024-04-17,3,5.583600,false,2026-04-08 01:47:36.650317,,true
1767,2024-04-18,3,5.596600,false,2026-04-08 01:47:36.650317,,true
1768,2024-04-19,3,5.568100,false,2026-04-08 01:47:36.650317,,true
1769,2024-04-20,3,5.568100,true,2026-04-08 01:47:36.650317,,true
1770,2024-04-21,3,5.568100,true,2026-04-08 01:47:36.650317,,true
1771,2024-04-22,3,5.539900,false,2026-04-08 01:47:36.650317,,true
1772,2024-04-23,3,5.519700,false,2026-04-08 01:47:36.650317,,true
1773,2024-04-24,3,5.511400,false,2026-04-08 01:47:36.650317,,true
1774,2024-04-25,3,5.538300,false,2026-04-08 01:47:36.650317,,true
1775,2024-04-26,3,5.468400,false,2026-04-08 01:47:36.650317,,true
1776,2024-04-27,3,5.468400,true,2026-04-08 01:47:36.650317,,true
1777,2024-04-28,3,5.468400,true,2026-04-08 01:47:36.650317,,true
1778,2024-04-29,3,5.480100,false,2026-04-08 01:47:36.650317,,true
1779,2024-04-30,3,5.524400,false,2026-04-08 01:47:36.650317,,true
1780,2024-05-01,3,5.524400,true,2026-04-08 01:47:36.650317,,true
1781,2024-05-02,3,5.477600,false,2026-04-08 01:47:36.650317,,true
1782,2024-05-03,3,5.455800,false,2026-04-08 01:47:36.650317,,true
1783,2024-05-04,3,5.455800,true,2026-04-08 01:47:36.650317,,true
1784,2024-05-05,3,5.455800,true,2026-04-08 01:47:36.650317,,true
1785,2024-05-06,3,5.466200,false,2026-04-08 01:47:36.650317,,true
1786,2024-05-07,3,5.447500,false,2026-04-08 01:47:36.650317,,true
1787,2024-05-08,3,5.471200,false,2026-04-08 01:47:36.650317,,true
1788,2024-05-09,3,5.554200,false,2026-04-08 01:47:36.650317,,true
1789,2024-05-10,3,5.542000,false,2026-04-08 01:47:36.650317,,true
1790,2024-05-11,3,5.542000,true,2026-04-08 01:47:36.650317,,true
1791,2024-05-12,3,5.542000,true,2026-04-08 01:47:36.650317,,true
1792,2024-05-13,3,5.548200,false,2026-04-08 01:47:36.650317,,true
1793,2024-05-14,3,5.553500,false,2026-04-08 01:47:36.650317,,true
1794,2024-05-15,3,5.582900,false,2026-04-08 01:47:36.650317,,true
1795,2024-05-16,3,5.575000,false,2026-04-08 01:47:36.650317,,true
1796,2024-05-17,3,5.558600,false,2026-04-08 01:47:36.650317,,true
1797,2024-05-18,3,5.558600,true,2026-04-08 01:47:36.650317,,true
1798,2024-05-19,3,5.558600,true,2026-04-08 01:47:36.650317,,true
1799,2024-05-20,3,5.547200,false,2026-04-08 01:47:36.650317,,true
1800,2024-05-21,3,5.537900,false,2026-04-08 01:47:36.650317,,true
1801,2024-05-22,3,5.579100,false,2026-04-08 01:47:36.650317,,true
1802,2024-05-23,3,5.567500,false,2026-04-08 01:47:36.650317,,true
1803,2024-05-24,3,5.587500,false,2026-04-08 01:47:36.650317,,true
1804,2024-05-25,3,5.587500,true,2026-04-08 01:47:36.650317,,true
1805,2024-05-26,3,5.587500,true,2026-04-08 01:47:36.650317,,true
1806,2024-05-27,3,5.613400,false,2026-04-08 01:47:36.650317,,true
1807,2024-05-28,3,5.605100,false,2026-04-08 01:47:36.650317,,true
1808,2024-05-29,3,5.617500,false,2026-04-08 01:47:36.650317,,true
1809,2024-05-30,3,5.617500,true,2026-04-08 01:47:36.650317,,true
1810,2024-05-31,3,5.684400,false,2026-04-08 01:47:36.650317,,true
1811,2024-06-01,3,5.684400,true,2026-04-08 01:47:36.650317,,true
1812,2024-06-02,3,5.684400,true,2026-04-08 01:47:36.650317,,true
1813,2024-06-03,3,5.701200,false,2026-04-08 01:47:36.650317,,true
1814,2024-06-04,3,5.729600,false,2026-04-08 01:47:36.650317,,true
1815,2024-06-05,3,5.739500,false,2026-04-08 01:47:36.650317,,true
1816,2024-06-06,3,5.731000,false,2026-04-08 01:47:36.650317,,true
1817,2024-06-07,3,5.704600,false,2026-04-08 01:47:36.650317,,true
1818,2024-06-08,3,5.704600,true,2026-04-08 01:47:36.650317,,true
1819,2024-06-09,3,5.704600,true,2026-04-08 01:47:36.650317,,true
1820,2024-06-10,3,5.767400,false,2026-04-08 01:47:36.650317,,true
1821,2024-06-11,3,5.743100,false,2026-04-08 01:47:36.650317,,true
1822,2024-06-12,3,5.841100,false,2026-04-08 01:47:36.650317,,true
1823,2024-06-13,3,5.804300,false,2026-04-08 01:47:36.650317,,true
1824,2024-06-14,3,5.736200,false,2026-04-08 01:47:36.650317,,true
1825,2024-06-15,3,5.736200,true,2026-04-08 01:47:36.650317,,true
1826,2024-06-16,3,5.736200,true,2026-04-08 01:47:36.650317,,true
1827,2024-06-17,3,5.802100,false,2026-04-08 01:47:36.650317,,true
1828,2024-06-18,3,5.805800,false,2026-04-08 01:47:36.650317,,true
1829,2024-06-19,3,5.872300,false,2026-04-08 01:47:36.650317,,true
1830,2024-06-20,3,5.807800,false,2026-04-08 01:47:36.650317,,true
1831,2024-06-21,3,5.817000,false,2026-04-08 01:47:36.650317,,true
1832,2024-06-22,3,5.817000,true,2026-04-08 01:47:36.650317,,true
1833,2024-06-23,3,5.817000,true,2026-04-08 01:47:36.650317,,true
1834,2024-06-24,3,5.791900,false,2026-04-08 01:47:36.650317,,true
1835,2024-06-25,3,5.809900,false,2026-04-08 01:47:36.650317,,true
1836,2024-06-26,3,5.883700,false,2026-04-08 01:47:36.650317,,true
1837,2024-06-27,3,5.911600,false,2026-04-08 01:47:36.650317,,true
1838,2024-06-28,3,5.953500,false,2026-04-08 01:47:36.650317,,true
1839,2024-06-29,3,5.953500,true,2026-04-08 01:47:36.650317,,true
1840,2024-06-30,3,5.953500,true,2026-04-08 01:47:36.650317,,true
1841,2024-07-01,3,5.993900,false,2026-04-08 01:47:36.650317,,true
1842,2024-07-02,3,6.083100,false,2026-04-08 01:47:36.650317,,true
1843,2024-07-03,3,6.030900,false,2026-04-08 01:47:36.650317,,true
1844,2024-07-04,3,5.926900,false,2026-04-08 01:47:36.650317,,true
1845,2024-07-05,3,5.950400,false,2026-04-08 01:47:36.650317,,true
1846,2024-07-06,3,5.950400,true,2026-04-08 01:47:36.650317,,true
1847,2024-07-07,3,5.950400,true,2026-04-08 01:47:36.650317,,true
1848,2024-07-08,3,5.927200,false,2026-04-08 01:47:36.650317,,true
1849,2024-07-09,3,5.879100,false,2026-04-08 01:47:36.650317,,true
1850,2024-07-10,3,5.839100,false,2026-04-08 01:47:36.650317,,true
1851,2024-07-11,3,5.878900,false,2026-04-08 01:47:36.650317,,true
1852,2024-07-12,3,5.943600,false,2026-04-08 01:47:36.650317,,true
1853,2024-07-13,3,5.943600,true,2026-04-08 01:47:36.650317,,true
1854,2024-07-14,3,5.943600,true,2026-04-08 01:47:36.650317,,true
1855,2024-07-15,3,5.952200,false,2026-04-08 01:47:36.650317,,true
1856,2024-07-16,3,5.906000,false,2026-04-08 01:47:36.650317,,true
1857,2024-07-17,3,5.975900,false,2026-04-08 01:47:36.650317,,true
1858,2024-07-18,3,6.046300,false,2026-04-08 01:47:36.650317,,true
1859,2024-07-19,3,6.045800,false,2026-04-08 01:47:36.650317,,true
1860,2024-07-20,3,6.045800,true,2026-04-08 01:47:36.650317,,true
1861,2024-07-21,3,6.045800,true,2026-04-08 01:47:36.650317,,true
1862,2024-07-22,3,6.047300,false,2026-04-08 01:47:36.650317,,true
1863,2024-07-23,3,6.055500,false,2026-04-08 01:47:36.650317,,true
1864,2024-07-24,3,6.113500,false,2026-04-08 01:47:36.650317,,true
1865,2024-07-25,3,6.123500,false,2026-04-08 01:47:36.650317,,true
1866,2024-07-26,3,6.129200,false,2026-04-08 01:47:36.650317,,true
1867,2024-07-27,3,6.129200,true,2026-04-08 01:47:36.650317,,true
1868,2024-07-28,3,6.129200,true,2026-04-08 01:47:36.650317,,true
1869,2024-07-29,3,6.108700,false,2026-04-08 01:47:36.650317,,true
1870,2024-07-30,3,6.109300,false,2026-04-08 01:47:36.650317,,true
1871,2024-07-31,3,6.127400,false,2026-04-08 01:47:36.650317,,true
1872,2024-08-01,3,6.113500,false,2026-04-08 01:47:36.650317,,true
1873,2024-08-02,3,6.259700,false,2026-04-08 01:47:36.650317,,true
1874,2024-08-03,3,6.259700,true,2026-04-08 01:47:36.650317,,true
1875,2024-08-04,3,6.259700,true,2026-04-08 01:47:36.650317,,true
1876,2024-08-05,3,6.315000,false,2026-04-08 01:47:36.650317,,true
1877,2024-08-06,3,6.175000,false,2026-04-08 01:47:36.650317,,true
1878,2024-08-07,3,6.126900,false,2026-04-08 01:47:36.650317,,true
1879,2024-08-08,3,6.129400,false,2026-04-08 01:47:36.650317,,true
1880,2024-08-09,3,6.019000,false,2026-04-08 01:47:36.650317,,true
1881,2024-08-10,3,6.019000,true,2026-04-08 01:47:36.650317,,true
1882,2024-08-11,3,6.019000,true,2026-04-08 01:47:36.650317,,true
1883,2024-08-12,3,5.999500,false,2026-04-08 01:47:36.650317,,true
1884,2024-08-13,3,6.009800,false,2026-04-08 01:47:36.650317,,true
1885,2024-08-14,3,6.007100,false,2026-04-08 01:47:36.650317,,true
1886,2024-08-15,3,6.002800,false,2026-04-08 01:47:36.650317,,true
1887,2024-08-16,3,6.006100,false,2026-04-08 01:47:36.650317,,true
1888,2024-08-17,3,6.006100,true,2026-04-08 01:47:36.650317,,true
1889,2024-08-18,3,6.006100,true,2026-04-08 01:47:36.650317,,true
1890,2024-08-19,3,6.002800,false,2026-04-08 01:47:36.650317,,true
1891,2024-08-20,3,6.056800,false,2026-04-08 01:47:36.650317,,true
1892,2024-08-21,3,6.094800,false,2026-04-08 01:47:36.650317,,true
1893,2024-08-22,3,6.169200,false,2026-04-08 01:47:36.650317,,true
1894,2024-08-23,3,6.175000,false,2026-04-08 01:47:36.650317,,true
1895,2024-08-24,3,6.175000,true,2026-04-08 01:47:36.650317,,true
1896,2024-08-25,3,6.175000,true,2026-04-08 01:47:36.650317,,true
1897,2024-08-26,3,6.130200,false,2026-04-08 01:47:36.650317,,true
1898,2024-08-27,3,6.133900,false,2026-04-08 01:47:36.650317,,true
1899,2024-08-28,3,6.153700,false,2026-04-08 01:47:36.650317,,true
1900,2024-08-29,3,6.246600,false,2026-04-08 01:47:36.650317,,true
1901,2024-08-30,3,6.254500,false,2026-04-08 01:47:36.650317,,true
1902,2024-08-31,3,6.254500,true,2026-04-08 01:47:36.650317,,true
1903,2024-09-01,3,6.254500,true,2026-04-08 01:47:36.650317,,true
1904,2024-09-02,3,6.222900,false,2026-04-08 01:47:36.650317,,true
1905,2024-09-03,3,6.207600,false,2026-04-08 01:47:36.650317,,true
1906,2024-09-04,3,6.243900,false,2026-04-08 01:47:36.650317,,true
1907,2024-09-05,3,6.218000,false,2026-04-08 01:47:36.650317,,true
1908,2024-09-06,3,6.173900,false,2026-04-08 01:47:36.650317,,true
1909,2024-09-07,3,6.173900,true,2026-04-08 01:47:36.650317,,true
1910,2024-09-08,3,6.173900,true,2026-04-08 01:47:36.650317,,true
1911,2024-09-09,3,6.193000,false,2026-04-08 01:47:36.650317,,true
1912,2024-09-10,3,6.200800,false,2026-04-08 01:47:36.650317,,true
1913,2024-09-11,3,6.208700,false,2026-04-08 01:47:36.650317,,true
1914,2024-09-12,3,6.242900,false,2026-04-08 01:47:36.650317,,true
1915,2024-09-13,3,6.175000,false,2026-04-08 01:47:36.650317,,true
1916,2024-09-14,3,6.175000,true,2026-04-08 01:47:36.650317,,true
1917,2024-09-15,3,6.175000,true,2026-04-08 01:47:36.650317,,true
1918,2024-09-16,3,6.139500,false,2026-04-08 01:47:36.650317,,true
1919,2024-09-17,3,6.114200,false,2026-04-08 01:47:36.650317,,true
1920,2024-09-18,3,6.086700,false,2026-04-08 01:47:36.650317,,true
1921,2024-09-19,3,6.039200,false,2026-04-08 01:47:36.650317,,true
1922,2024-09-20,3,6.111100,false,2026-04-08 01:47:36.650317,,true
1923,2024-09-21,3,6.111100,true,2026-04-08 01:47:36.650317,,true
1924,2024-09-22,3,6.111100,true,2026-04-08 01:47:36.650317,,true
1925,2024-09-23,3,6.169900,false,2026-04-08 01:47:36.650317,,true
1926,2024-09-24,3,6.098600,false,2026-04-08 01:47:36.650317,,true
1927,2024-09-25,3,6.098000,false,2026-04-08 01:47:36.650317,,true
1928,2024-09-26,3,6.083700,false,2026-04-08 01:47:36.650317,,true
1929,2024-09-27,3,6.072700,false,2026-04-08 01:47:36.650317,,true
1930,2024-09-28,3,6.072700,true,2026-04-08 01:47:36.650317,,true
1931,2024-09-29,3,6.072700,true,2026-04-08 01:47:36.650317,,true
1932,2024-09-30,3,6.070700,false,2026-04-08 01:47:36.650317,,true
1933,2024-10-01,3,6.032600,false,2026-04-08 01:47:36.650317,,true
1934,2024-10-02,3,5.999500,false,2026-04-08 01:47:36.650317,,true
1935,2024-10-03,3,6.041100,false,2026-04-08 01:47:36.650317,,true
1936,2024-10-04,3,5.992900,false,2026-04-08 01:47:36.650317,,true
1937,2024-10-05,3,5.992900,true,2026-04-08 01:47:36.650317,,true
1938,2024-10-06,3,5.992900,true,2026-04-08 01:47:36.650317,,true
1939,2024-10-07,3,5.995100,false,2026-04-08 01:47:36.650317,,true
1940,2024-10-08,3,6.053300,false,2026-04-08 01:47:36.650317,,true
1941,2024-10-09,3,6.102000,false,2026-04-08 01:47:36.650317,,true
1942,2024-10-10,3,6.097000,false,2026-04-08 01:47:36.650317,,true
1943,2024-10-11,3,6.155100,false,2026-04-08 01:47:36.650317,,true
1944,2024-10-12,3,6.155100,true,2026-04-08 01:47:36.650317,,true
1945,2024-10-13,3,6.155100,true,2026-04-08 01:47:36.650317,,true
1946,2024-10-14,3,6.112200,false,2026-04-08 01:47:36.650317,,true
1947,2024-10-15,3,6.143400,false,2026-04-08 01:47:36.650317,,true
1948,2024-10-16,3,6.169100,false,2026-04-08 01:47:36.650317,,true
1949,2024-10-17,3,6.149600,false,2026-04-08 01:47:36.650317,,true
1950,2024-10-18,3,6.150000,false,2026-04-08 01:47:36.650317,,true
1951,2024-10-19,3,6.150000,true,2026-04-08 01:47:36.650317,,true
1952,2024-10-20,3,6.150000,true,2026-04-08 01:47:36.650317,,true
1953,2024-10-21,3,6.174100,false,2026-04-08 01:47:36.650317,,true
1954,2024-10-22,3,6.153100,false,2026-04-08 01:47:36.650317,,true
1955,2024-10-23,3,6.158900,false,2026-04-08 01:47:36.650317,,true
1956,2024-10-24,3,6.165900,false,2026-04-08 01:47:36.650317,,true
1957,2024-10-25,3,6.158300,false,2026-04-08 01:47:36.650317,,true
1958,2024-10-26,3,6.158300,true,2026-04-08 01:47:36.650317,,true
1959,2024-10-27,3,6.158300,true,2026-04-08 01:47:36.650317,,true
1960,2024-10-28,3,6.163700,false,2026-04-08 01:47:36.650317,,true
1961,2024-10-29,3,6.168800,false,2026-04-08 01:47:36.650317,,true
1962,2024-10-30,3,6.278300,false,2026-04-08 01:47:36.650317,,true
1963,2024-10-31,3,6.271300,false,2026-04-08 01:47:36.650317,,true
1964,2024-11-01,3,6.299100,false,2026-04-08 01:47:36.650317,,true
1965,2024-11-02,3,6.299100,true,2026-04-08 01:47:36.650317,,true
1966,2024-11-03,3,6.299100,true,2026-04-08 01:47:36.650317,,true
1967,2024-11-04,3,6.309100,false,2026-04-08 01:47:36.650317,,true
1968,2024-11-05,3,6.305700,false,2026-04-08 01:47:36.650317,,true
1969,2024-11-06,3,6.189600,false,2026-04-08 01:47:36.650317,,true
1970,2024-11-07,3,6.120400,false,2026-04-08 01:47:36.650317,,true
1971,2024-11-08,3,6.195400,false,2026-04-08 01:47:36.650317,,true
1972,2024-11-09,3,6.195400,true,2026-04-08 01:47:36.650317,,true
1973,2024-11-10,3,6.195400,true,2026-04-08 01:47:36.650317,,true
1974,2024-11-11,3,6.171900,false,2026-04-08 01:47:36.650317,,true
1975,2024-11-12,3,6.120100,false,2026-04-08 01:47:36.650317,,true
1976,2024-11-13,3,6.109400,false,2026-04-08 01:47:36.650317,,true
1977,2024-11-14,3,6.120100,false,2026-04-08 01:47:36.650317,,true
1978,2024-11-15,3,6.120100,true,2026-04-08 01:47:36.650317,,true
1979,2024-11-16,3,6.120100,true,2026-04-08 01:47:36.650317,,true
1980,2024-11-17,3,6.120100,true,2026-04-08 01:47:36.650317,,true
1981,2024-11-18,3,6.089700,false,2026-04-08 01:47:36.650317,,true
1982,2024-11-19,3,6.112000,false,2026-04-08 01:47:36.650317,,true
1983,2024-11-20,3,6.112000,true,2026-04-08 01:47:36.650317,,true
1984,2024-11-21,3,6.113400,false,2026-04-08 01:47:36.650317,,true
1985,2024-11-22,3,6.050100,false,2026-04-08 01:47:36.650317,,true
1986,2024-11-23,3,6.050100,true,2026-04-08 01:47:36.650317,,true
1987,2024-11-24,3,6.050100,true,2026-04-08 01:47:36.650317,,true
1988,2024-11-25,3,6.083200,false,2026-04-08 01:47:36.650317,,true
1989,2024-11-26,3,6.076100,false,2026-04-08 01:47:36.650317,,true
1990,2024-11-27,3,6.160700,false,2026-04-08 01:47:36.650317,,true
1991,2024-11-28,3,6.317000,false,2026-04-08 01:47:36.650317,,true
1992,2024-11-29,3,6.393100,false,2026-04-08 01:47:36.650317,,true
1993,2024-11-30,3,6.393100,true,2026-04-08 01:47:36.650317,,true
1994,2024-12-01,3,6.393100,true,2026-04-08 01:47:36.650317,,true
1995,2024-12-02,3,6.347100,false,2026-04-08 01:47:36.650317,,true
1996,2024-12-03,3,6.383300,false,2026-04-08 01:47:36.650317,,true
1997,2024-12-04,3,6.377900,false,2026-04-08 01:47:36.650317,,true
1998,2024-12-05,3,6.326600,false,2026-04-08 01:47:36.650317,,true
1999,2024-12-06,3,6.368100,false,2026-04-08 01:47:36.650317,,true
2000,2024-12-07,3,6.368100,true,2026-04-08 01:47:36.650317,,true
2001,2024-12-08,3,6.368100,true,2026-04-08 01:47:36.650317,,true
2002,2024-12-09,3,6.414300,false,2026-04-08 01:47:36.650317,,true
2003,2024-12-10,3,6.356700,false,2026-04-08 01:47:36.650317,,true
2004,2024-12-11,3,6.326300,false,2026-04-08 01:47:36.650317,,true
2005,2024-12-12,3,6.220600,false,2026-04-08 01:47:36.650317,,true
2006,2024-12-13,3,6.334100,false,2026-04-08 01:47:36.650317,,true
2007,2024-12-14,3,6.334100,true,2026-04-08 01:47:36.650317,,true
2008,2024-12-15,3,6.334100,true,2026-04-08 01:47:36.650317,,true
2009,2024-12-16,3,6.356600,false,2026-04-08 01:47:36.650317,,true
2010,2024-12-17,3,6.475700,false,2026-04-08 01:47:36.650317,,true
2011,2024-12-18,3,6.453900,false,2026-04-08 01:47:36.650317,,true
2012,2024-12-19,3,6.417900,false,2026-04-08 01:47:36.650317,,true
2013,2024-12-20,3,6.318100,false,2026-04-08 01:47:36.650317,,true
2014,2024-12-21,3,6.318100,true,2026-04-08 01:47:36.650317,,true
2015,2024-12-22,3,6.318100,true,2026-04-08 01:47:36.650317,,true
2016,2024-12-23,3,6.400900,false,2026-04-08 01:47:36.650317,,true
2017,2024-12-24,3,6.399400,false,2026-04-08 01:47:36.650317,,true
2018,2024-12-25,3,6.399400,true,2026-04-08 01:47:36.650317,,true
2019,2024-12-26,3,6.416500,false,2026-04-08 01:47:36.650317,,true
2020,2024-12-27,3,6.460100,false,2026-04-08 01:47:36.650317,,true
2021,2024-12-28,3,6.460100,true,2026-04-08 01:47:36.650317,,true
2022,2024-12-29,3,6.460100,true,2026-04-08 01:47:36.650317,,true
2023,2024-12-30,3,6.427000,false,2026-04-08 01:47:36.650317,,true
2024,2024-12-31,3,6.434400,false,2026-04-08 01:47:36.650317,,true
2025,2025-01-01,3,6.434400,true,2026-04-08 01:47:36.650317,,true
2026,2025-01-02,3,6.378100,false,2026-04-08 01:47:36.650317,,true
2027,2025-01-03,3,6.333000,false,2026-04-08 01:47:36.650317,,true
2028,2025-01-04,3,6.333000,true,2026-04-08 01:47:36.650317,,true
2029,2025-01-05,3,6.333000,true,2026-04-08 01:47:36.650317,,true
2030,2025-01-06,3,6.352100,false,2026-04-08 01:47:36.650317,,true
2031,2025-01-07,3,6.299400,false,2026-04-08 01:47:36.650317,,true
2032,2025-01-08,3,6.316100,false,2026-04-08 01:47:36.650317,,true
2033,2025-01-09,3,6.271100,false,2026-04-08 01:47:36.650317,,true
2034,2025-01-10,3,6.248900,false,2026-04-08 01:47:36.650317,,true
2035,2025-01-11,3,6.248900,true,2026-04-08 01:47:36.650317,,true
2036,2025-01-12,3,6.248900,true,2026-04-08 01:47:36.650317,,true
2037,2025-01-13,3,6.227600,false,2026-04-08 01:47:36.650317,,true
2038,2025-01-14,3,6.244200,false,2026-04-08 01:47:36.650317,,true
2039,2025-01-15,3,6.221800,false,2026-04-08 01:47:36.650317,,true
2040,2025-01-16,3,6.213200,false,2026-04-08 01:47:36.650317,,true
2041,2025-01-17,3,6.240900,false,2026-04-08 01:47:36.650317,,true
2042,2025-01-18,3,6.240900,true,2026-04-08 01:47:36.650317,,true
2043,2025-01-19,3,6.240900,true,2026-04-08 01:47:36.650317,,true
2044,2025-01-20,3,6.291200,false,2026-04-08 01:47:36.650317,,true
2045,2025-01-21,3,6.285100,false,2026-04-08 01:47:36.650317,,true
2046,2025-01-22,3,6.216800,false,2026-04-08 01:47:36.650317,,true
2047,2025-01-23,3,6.174500,false,2026-04-08 01:47:36.650317,,true
2048,2025-01-24,3,6.195300,false,2026-04-08 01:47:36.650317,,true
2049,2025-01-25,3,6.195300,true,2026-04-08 01:47:36.650317,,true
2050,2025-01-26,3,6.195300,true,2026-04-08 01:47:36.650317,,true
2051,2025-01-27,3,6.221700,false,2026-04-08 01:47:36.650317,,true
2052,2025-01-28,3,6.141600,false,2026-04-08 01:47:36.650317,,true
2053,2025-01-29,3,6.104500,false,2026-04-08 01:47:36.650317,,true
2054,2025-01-30,3,6.154300,false,2026-04-08 01:47:36.650317,,true
2055,2025-01-31,3,6.060300,false,2026-04-08 01:47:36.650317,,true
2056,2025-02-01,3,6.060300,true,2026-04-08 01:47:36.650317,,true
2057,2025-02-02,3,6.060300,true,2026-04-08 01:47:36.650317,,true
2058,2025-02-03,3,6.051200,false,2026-04-08 01:47:36.650317,,true
2059,2025-02-04,3,6.011600,false,2026-04-08 01:47:36.650317,,true
2060,2025-02-05,3,6.043200,false,2026-04-08 01:47:36.650317,,true
2061,2025-02-06,3,5.997900,false,2026-04-08 01:47:36.650317,,true
2062,2025-02-07,3,5.958300,false,2026-04-08 01:47:36.650317,,true
2063,2025-02-08,3,5.958300,true,2026-04-08 01:47:36.650317,,true
2064,2025-02-09,3,5.958300,true,2026-04-08 01:47:36.650317,,true
2065,2025-02-10,3,5.962300,false,2026-04-08 01:47:36.650317,,true
2066,2025-02-11,3,5.974100,false,2026-04-08 01:47:36.650317,,true
2067,2025-02-12,3,5.986300,false,2026-04-08 01:47:36.650317,,true
2068,2025-02-13,3,6.028400,false,2026-04-08 01:47:36.650317,,true
2069,2025-02-14,3,6.018700,false,2026-04-08 01:47:36.650317,,true
2070,2025-02-15,3,6.018700,true,2026-04-08 01:47:36.650317,,true
2071,2025-02-16,3,6.018700,true,2026-04-08 01:47:36.650317,,true
2072,2025-02-17,3,5.983400,false,2026-04-08 01:47:36.650317,,true
2073,2025-02-18,3,5.962800,false,2026-04-08 01:47:36.650317,,true
2074,2025-02-19,3,5.950100,false,2026-04-08 01:47:36.650317,,true
2075,2025-02-20,3,5.970400,false,2026-04-08 01:47:36.650317,,true
2076,2025-02-21,3,5.961000,false,2026-04-08 01:47:36.650317,,true
2077,2025-02-22,3,5.961000,true,2026-04-08 01:47:36.650317,,true
2078,2025-02-23,3,5.961000,true,2026-04-08 01:47:36.650317,,true
2079,2025-02-24,3,5.993100,false,2026-04-08 01:47:36.650317,,true
2080,2025-02-25,3,6.064400,false,2026-04-08 01:47:36.650317,,true
2081,2025-02-26,3,6.067300,false,2026-04-08 01:47:36.650317,,true
2082,2025-02-27,3,6.063200,false,2026-04-08 01:47:36.650317,,true
2083,2025-02-28,3,6.081500,false,2026-04-08 01:47:36.650317,,true
2084,2025-03-01,3,6.081500,true,2026-04-08 01:47:36.650317,,true
2085,2025-03-02,3,6.081500,true,2026-04-08 01:47:36.650317,,true
2086,2025-03-03,3,6.081500,true,2026-04-08 01:47:36.650317,,true
2087,2025-03-04,3,6.081500,true,2026-04-08 01:47:36.650317,,true
2088,2025-03-05,3,6.237800,false,2026-04-08 01:47:36.650317,,true
2089,2025-03-06,3,6.217400,false,2026-04-08 01:47:36.650317,,true
2090,2025-03-07,3,6.269500,false,2026-04-08 01:47:36.650317,,true
2091,2025-03-08,3,6.269500,true,2026-04-08 01:47:36.650317,,true
2092,2025-03-09,3,6.269500,true,2026-04-08 01:47:36.650317,,true
2093,2025-03-10,3,6.277200,false,2026-04-08 01:47:36.650317,,true
2094,2025-03-11,3,6.374300,false,2026-04-08 01:47:36.650317,,true
2095,2025-03-12,3,6.364000,false,2026-04-08 01:47:36.650317,,true
2096,2025-03-13,3,6.311200,false,2026-04-08 01:47:36.650317,,true
2097,2025-03-14,3,6.240800,false,2026-04-08 01:47:36.650317,,true
2098,2025-03-15,3,6.240800,true,2026-04-08 01:47:36.650317,,true
2099,2025-03-16,3,6.240800,true,2026-04-08 01:47:36.650317,,true
2100,2025-03-17,3,6.233300,false,2026-04-08 01:47:36.650317,,true
2101,2025-03-18,3,6.211000,false,2026-04-08 01:47:36.650317,,true
2102,2025-03-19,3,6.162500,false,2026-04-08 01:47:36.650317,,true
2103,2025-03-20,3,6.141800,false,2026-04-08 01:47:36.650317,,true
2104,2025-03-21,3,6.184200,false,2026-04-08 01:47:36.650317,,true
2105,2025-03-22,3,6.184200,true,2026-04-08 01:47:36.650317,,true
2106,2025-03-23,3,6.184200,true,2026-04-08 01:47:36.650317,,true
2107,2025-03-24,3,6.195400,false,2026-04-08 01:47:36.650317,,true
2108,2025-03-25,3,6.156200,false,2026-04-08 01:47:36.650317,,true
2109,2025-03-26,3,6.176100,false,2026-04-08 01:47:36.650317,,true
2110,2025-03-27,3,6.206000,false,2026-04-08 01:47:36.650317,,true
2111,2025-03-28,3,6.240500,false,2026-04-08 01:47:36.650317,,true
2112,2025-03-29,3,6.240500,true,2026-04-08 01:47:36.650317,,true
2113,2025-03-30,3,6.240500,true,2026-04-08 01:47:36.650317,,true
2114,2025-03-31,3,6.198100,false,2026-04-08 01:47:36.650317,,true
2115,2025-04-01,3,6.159700,false,2026-04-08 01:47:36.650317,,true
2116,2025-04-02,3,6.185300,false,2026-04-08 01:47:36.650317,,true
2117,2025-04-03,3,6.194900,false,2026-04-08 01:47:36.650317,,true
2118,2025-04-04,3,6.362300,false,2026-04-08 01:47:36.650317,,true
2119,2025-04-05,3,6.362300,true,2026-04-08 01:47:36.650317,,true
2120,2025-04-06,3,6.362300,true,2026-04-08 01:47:36.650317,,true
2121,2025-04-07,3,6.424000,false,2026-04-08 01:47:36.650317,,true
2122,2025-04-08,3,6.477000,false,2026-04-08 01:47:36.650317,,true
2123,2025-04-09,3,6.688300,false,2026-04-08 01:47:36.650317,,true
2124,2025-04-10,3,6.611900,false,2026-04-08 01:47:36.650317,,true
2125,2025-04-11,3,6.649500,false,2026-04-08 01:47:36.650317,,true
2126,2025-04-12,3,6.649500,true,2026-04-08 01:47:36.650317,,true
2127,2025-04-13,3,6.649500,true,2026-04-08 01:47:36.650317,,true
2128,2025-04-14,3,6.634600,false,2026-04-08 01:47:36.650317,,true
2129,2025-04-15,3,6.626200,false,2026-04-08 01:47:36.650317,,true
2130,2025-04-16,3,6.692800,false,2026-04-08 01:47:36.650317,,true
2131,2025-04-17,3,6.653400,false,2026-04-08 01:47:36.650317,,true
2132,2025-04-18,3,6.653400,true,2026-04-08 01:47:36.650317,,true
2133,2025-04-19,3,6.653400,true,2026-04-08 01:47:36.650317,,true
2134,2025-04-20,3,6.653400,true,2026-04-08 01:47:36.650317,,true
2135,2025-04-21,3,6.653400,true,2026-04-08 01:47:36.650317,,true
2136,2025-04-22,3,6.590700,false,2026-04-08 01:47:36.650317,,true
2137,2025-04-23,3,6.454100,false,2026-04-08 01:47:36.650317,,true
2138,2025-04-24,3,6.445900,false,2026-04-08 01:47:36.650317,,true
2139,2025-04-25,3,6.468400,false,2026-04-08 01:47:36.650317,,true
2140,2025-04-26,3,6.468400,true,2026-04-08 01:47:36.650317,,true
2141,2025-04-27,3,6.468400,true,2026-04-08 01:47:36.650317,,true
2142,2025-04-28,3,6.453000,false,2026-04-08 01:47:36.650317,,true
2143,2025-04-29,3,6.433700,false,2026-04-08 01:47:36.650317,,true
2144,2025-04-30,3,6.423200,false,2026-04-08 01:47:36.650317,,true
2145,2025-05-01,3,6.423200,true,2026-04-08 01:47:36.650317,,true
2146,2025-05-02,3,6.388200,false,2026-04-08 01:47:36.650317,,true
2147,2025-05-03,3,6.388200,true,2026-04-08 01:47:36.650317,,true
2148,2025-05-04,3,6.388200,true,2026-04-08 01:47:36.650317,,true
2149,2025-05-05,3,6.393400,false,2026-04-08 01:47:36.650317,,true
2150,2025-05-06,3,6.489200,false,2026-04-08 01:47:36.650317,,true
2151,2025-05-07,3,6.509000,false,2026-04-08 01:47:36.650317,,true
2152,2025-05-08,3,6.394400,false,2026-04-08 01:47:36.650317,,true
2153,2025-05-09,3,6.367500,false,2026-04-08 01:47:36.650317,,true
2154,2025-05-10,3,6.367500,true,2026-04-08 01:47:36.650317,,true
2155,2025-05-11,3,6.367500,true,2026-04-08 01:47:36.650317,,true
2156,2025-05-12,3,6.308800,false,2026-04-08 01:47:36.650317,,true
2157,2025-05-13,3,6.286000,false,2026-04-08 01:47:36.650317,,true
2158,2025-05-14,3,6.285300,false,2026-04-08 01:47:36.650317,,true
2159,2025-05-15,3,6.301300,false,2026-04-08 01:47:36.650317,,true
2160,2025-05-16,3,6.340800,false,2026-04-08 01:47:36.650317,,true
2161,2025-05-17,3,6.340800,true,2026-04-08 01:47:36.650317,,true
2162,2025-05-18,3,6.340800,true,2026-04-08 01:47:36.650317,,true
2163,2025-05-19,3,6.357300,false,2026-04-08 01:47:36.650317,,true
2164,2025-05-20,3,6.370200,false,2026-04-08 01:47:36.650317,,true
2165,2025-05-21,3,6.415600,false,2026-04-08 01:47:36.650317,,true
2166,2025-05-22,3,6.360700,false,2026-04-08 01:47:36.650317,,true
2167,2025-05-23,3,6.460000,false,2026-04-08 01:47:36.650317,,true
2168,2025-05-24,3,6.460000,true,2026-04-08 01:47:36.650317,,true
2169,2025-05-25,3,6.460000,true,2026-04-08 01:47:36.650317,,true
2170,2025-05-26,3,6.442600,false,2026-04-08 01:47:36.650317,,true
2171,2025-05-27,3,6.402900,false,2026-04-08 01:47:36.650317,,true
2172,2025-05-28,3,6.424600,false,2026-04-08 01:47:36.650317,,true
2173,2025-05-29,3,6.429500,false,2026-04-08 01:47:36.650317,,true
2174,2025-05-30,3,6.475800,false,2026-04-08 01:47:36.650317,,true
2175,2025-05-31,3,6.475800,true,2026-04-08 01:47:36.650317,,true
2176,2025-06-01,3,6.475800,true,2026-04-08 01:47:36.650317,,true
2177,2025-06-02,3,6.507200,false,2026-04-08 01:47:36.650317,,true
2178,2025-06-03,3,6.446600,false,2026-04-08 01:47:36.650317,,true
2179,2025-06-04,3,6.433600,false,2026-04-08 01:47:36.650317,,true
2180,2025-06-05,3,6.400500,false,2026-04-08 01:47:36.650317,,true
2181,2025-06-06,3,6.374500,false,2026-04-08 01:47:36.650317,,true
2182,2025-06-07,3,6.374500,true,2026-04-08 01:47:36.650317,,true
2183,2025-06-08,3,6.374500,true,2026-04-08 01:47:36.650317,,true
2184,2025-06-09,3,6.369300,false,2026-04-08 01:47:36.650317,,true
2185,2025-06-10,3,6.345000,false,2026-04-08 01:47:36.650317,,true
2186,2025-06-11,3,6.363100,false,2026-04-08 01:47:36.650317,,true
2187,2025-06-12,3,6.411000,false,2026-04-08 01:47:36.650317,,true
2188,2025-06-13,3,6.431000,false,2026-04-08 01:47:36.650317,,true
2189,2025-06-14,3,6.431000,true,2026-04-08 01:47:36.650317,,true
2190,2025-06-15,3,6.431000,true,2026-04-08 01:47:36.650317,,true
2191,2025-06-16,3,6.382000,false,2026-04-08 01:47:36.650317,,true
2192,2025-06-17,3,6.316300,false,2026-04-08 01:47:36.650317,,true
2193,2025-06-18,3,6.320800,false,2026-04-08 01:47:36.650317,,true
2194,2025-06-19,3,6.320800,true,2026-04-08 01:47:36.650317,,true
2195,2025-06-20,3,6.329800,false,2026-04-08 01:47:36.650317,,true
2196,2025-06-21,3,6.329800,true,2026-04-08 01:47:36.650317,,true
2197,2025-06-22,3,6.329800,true,2026-04-08 01:47:36.650317,,true
2198,2025-06-23,3,6.369200,false,2026-04-08 01:47:36.650317,,true
2199,2025-06-24,3,6.376000,false,2026-04-08 01:47:36.650317,,true
2200,2025-06-25,3,6.439400,false,2026-04-08 01:47:36.650317,,true
2201,2025-06-26,3,6.460100,false,2026-04-08 01:47:36.650317,,true
2202,2025-06-27,3,6.418700,false,2026-04-08 01:47:36.650317,,true
2203,2025-06-28,3,6.418700,true,2026-04-08 01:47:36.650317,,true
2204,2025-06-29,3,6.418700,true,2026-04-08 01:47:36.650317,,true
2205,2025-06-30,3,6.421800,false,2026-04-08 01:47:36.650317,,true
2206,2025-07-01,3,6.418000,false,2026-04-08 01:47:36.650317,,true
2207,2025-07-02,3,6.425700,false,2026-04-08 01:47:36.650317,,true
2208,2025-07-03,3,6.372500,false,2026-04-08 01:47:36.650317,,true
2209,2025-07-04,3,6.369500,false,2026-04-08 01:47:36.650317,,true
2210,2025-07-05,3,6.369500,true,2026-04-08 01:47:36.650317,,true
2211,2025-07-06,3,6.369500,true,2026-04-08 01:47:36.650317,,true
2212,2025-07-07,3,6.399300,false,2026-04-08 01:47:36.650317,,true
2213,2025-07-08,3,6.387400,false,2026-04-08 01:47:36.650317,,true
2214,2025-07-09,3,6.393300,false,2026-04-08 01:47:36.650317,,true
2215,2025-07-10,3,6.477800,false,2026-04-08 01:47:36.650317,,true
2216,2025-07-11,3,6.516000,false,2026-04-08 01:47:36.650317,,true
2217,2025-07-12,3,6.516000,true,2026-04-08 01:47:36.650317,,true
2218,2025-07-13,3,6.516000,true,2026-04-08 01:47:36.650317,,true
2219,2025-07-14,3,6.487800,false,2026-04-08 01:47:36.650317,,true
2220,2025-07-15,3,6.456000,false,2026-04-08 01:47:36.650317,,true
2221,2025-07-16,3,6.477500,false,2026-04-08 01:47:36.650317,,true
2222,2025-07-17,3,6.463100,false,2026-04-08 01:47:36.650317,,true
2223,2025-07-18,3,6.457800,false,2026-04-08 01:47:36.650317,,true
2224,2025-07-19,3,6.457800,true,2026-04-08 01:47:36.650317,,true
2225,2025-07-20,3,6.457800,true,2026-04-08 01:47:36.650317,,true
2226,2025-07-21,3,6.509100,false,2026-04-08 01:47:36.650317,,true
2227,2025-07-22,3,6.544000,false,2026-04-08 01:47:36.650317,,true
2228,2025-07-23,3,6.522100,false,2026-04-08 01:47:36.650317,,true
2229,2025-07-24,3,6.497100,false,2026-04-08 01:47:36.650317,,true
2230,2025-07-25,3,6.500200,false,2026-04-08 01:47:36.650317,,true
2231,2025-07-26,3,6.500200,true,2026-04-08 01:47:36.650317,,true
2232,2025-07-27,3,6.500200,true,2026-04-08 01:47:36.650317,,true
2233,2025-07-28,3,6.485500,false,2026-04-08 01:47:36.650317,,true
2234,2025-07-29,3,6.431100,false,2026-04-08 01:47:36.650317,,true
2235,2025-07-30,3,6.425300,false,2026-04-08 01:47:36.650317,,true
2236,2025-07-31,3,6.402000,false,2026-04-08 01:47:36.650317,,true
2237,2025-08-01,3,6.403800,false,2026-04-08 01:47:36.650317,,true
2238,2025-08-02,3,6.403800,true,2026-04-08 01:47:36.650317,,true
2239,2025-08-03,3,6.403800,true,2026-04-08 01:47:36.650317,,true
2240,2025-08-04,3,6.374200,false,2026-04-08 01:47:36.650317,,true
2241,2025-08-05,3,6.381500,false,2026-04-08 01:47:36.650317,,true
2242,2025-08-06,3,6.381000,false,2026-04-08 01:47:36.650317,,true
2243,2025-08-07,3,6.358600,false,2026-04-08 01:47:36.650317,,true
2244,2025-08-08,3,6.324800,false,2026-04-08 01:47:36.650317,,true
2245,2025-08-09,3,6.324800,true,2026-04-08 01:47:36.650317,,true
2246,2025-08-10,3,6.324800,true,2026-04-08 01:47:36.650317,,true
2247,2025-08-11,3,6.321400,false,2026-04-08 01:47:36.650317,,true
2248,2025-08-12,3,6.307700,false,2026-04-08 01:47:36.650317,,true
2249,2025-08-13,3,6.315900,false,2026-04-08 01:47:36.650317,,true
2250,2025-08-14,3,6.297000,false,2026-04-08 01:47:36.650317,,true
2251,2025-08-15,3,6.311600,false,2026-04-08 01:47:36.650317,,true
2252,2025-08-16,3,6.311600,true,2026-04-08 01:47:36.650317,,true
2253,2025-08-17,3,6.311600,true,2026-04-08 01:47:36.650317,,true
2254,2025-08-18,3,6.316500,false,2026-04-08 01:47:36.650317,,true
2255,2025-08-19,3,6.378600,false,2026-04-08 01:47:36.650317,,true
2256,2025-08-20,3,6.373800,false,2026-04-08 01:47:36.650317,,true
2257,2025-08-21,3,6.361000,false,2026-04-08 01:47:36.650317,,true
2258,2025-08-22,3,6.369100,false,2026-04-08 01:47:36.650317,,true
2259,2025-08-23,3,6.369100,true,2026-04-08 01:47:36.650317,,true
2260,2025-08-24,3,6.369100,true,2026-04-08 01:47:36.650317,,true
2261,2025-08-25,3,6.320900,false,2026-04-08 01:47:36.650317,,true
2262,2025-08-26,3,6.318400,false,2026-04-08 01:47:36.650317,,true
2263,2025-08-27,3,6.318400,false,2026-04-08 01:47:36.650317,,true
2264,2025-08-28,3,6.316100,false,2026-04-08 01:47:36.650317,,true
2265,2025-08-29,3,6.344900,false,2026-04-08 01:47:36.650317,,true
2266,2025-08-30,3,6.344900,true,2026-04-08 01:47:36.650317,,true
2267,2025-08-31,3,6.344900,true,2026-04-08 01:47:36.650317,,true
2268,2025-09-01,3,6.361000,false,2026-04-08 01:47:36.650317,,true
2269,2025-09-02,3,6.371200,false,2026-04-08 01:47:36.650317,,true
2270,2025-09-03,3,6.360400,false,2026-04-08 01:47:36.650317,,true
2271,2025-09-04,3,6.357600,false,2026-04-08 01:47:36.650317,,true
2272,2025-09-05,3,6.344900,false,2026-04-08 01:47:36.650317,,true
2273,2025-09-06,3,6.344900,true,2026-04-08 01:47:36.650317,,true
2274,2025-09-07,3,6.344900,true,2026-04-08 01:47:36.650317,,true
2275,2025-09-08,3,6.377000,false,2026-04-08 01:47:36.650317,,true
2276,2025-09-09,3,6.361200,false,2026-04-08 01:47:36.650317,,true
2277,2025-09-10,3,6.339300,false,2026-04-08 01:47:36.650317,,true
2278,2025-09-11,3,6.317400,false,2026-04-08 01:47:36.650317,,true
2279,2025-09-12,3,6.286500,false,2026-04-08 01:47:36.650317,,true
2280,2025-09-13,3,6.286500,true,2026-04-08 01:47:36.650317,,true
2281,2025-09-14,3,6.286500,true,2026-04-08 01:47:36.650317,,true
2282,2025-09-15,3,6.262400,false,2026-04-08 01:47:36.650317,,true
2283,2025-09-16,3,6.289600,false,2026-04-08 01:47:36.650317,,true
2284,2025-09-17,3,6.277900,false,2026-04-08 01:47:36.650317,,true
2285,2025-09-18,3,6.243300,false,2026-04-08 01:47:36.650317,,true
2286,2025-09-19,3,6.260300,false,2026-04-08 01:47:36.650317,,true
2287,2025-09-20,3,6.260300,true,2026-04-08 01:47:36.650317,,true
2288,2025-09-21,3,6.260300,true,2026-04-08 01:47:36.650317,,true
2289,2025-09-22,3,6.291700,false,2026-04-08 01:47:36.650317,,true
2290,2025-09-23,3,6.260200,false,2026-04-08 01:47:36.650317,,true
2291,2025-09-24,3,6.235200,false,2026-04-08 01:47:36.650317,,true
2292,2025-09-25,3,6.235100,false,2026-04-08 01:47:36.650317,,true
2293,2025-09-26,3,6.247600,false,2026-04-08 01:47:36.650317,,true
2294,2025-09-27,3,6.247600,true,2026-04-08 01:47:36.650317,,true
2295,2025-09-28,3,6.247600,true,2026-04-08 01:47:36.650317,,true
2296,2025-09-29,3,6.242500,false,2026-04-08 01:47:36.650317,,true
2297,2025-09-30,3,6.239600,false,2026-04-08 01:47:36.650317,,true
2298,2025-10-01,3,6.235800,false,2026-04-08 01:47:36.650317,,true
2299,2025-10-02,3,6.250200,false,2026-04-08 01:47:36.650317,,true
2300,2025-10-03,3,6.282600,false,2026-04-08 01:47:36.650317,,true
2301,2025-10-04,3,6.282600,true,2026-04-08 01:47:36.650317,,true
2302,2025-10-05,3,6.282600,true,2026-04-08 01:47:36.650317,,true
2303,2025-10-06,3,6.230500,false,2026-04-08 01:47:36.650317,,true
2304,2025-10-07,3,6.228400,false,2026-04-08 01:47:36.650317,,true
2305,2025-10-08,3,6.199500,false,2026-04-08 01:47:36.650317,,true
2306,2025-10-09,3,6.187200,false,2026-04-08 01:47:36.650317,,true
2307,2025-10-10,3,6.321600,false,2026-04-08 01:47:36.650317,,true
2308,2025-10-11,3,6.321600,true,2026-04-08 01:47:36.650317,,true
2309,2025-10-12,3,6.321600,true,2026-04-08 01:47:36.650317,,true
2310,2025-10-13,3,6.322100,false,2026-04-08 01:47:36.650317,,true
2311,2025-10-14,3,6.381600,false,2026-04-08 01:47:36.650317,,true
2312,2025-10-15,3,6.337300,false,2026-04-08 01:47:36.650317,,true
2313,2025-10-16,3,6.338100,false,2026-04-08 01:47:36.650317,,true
2314,2025-10-17,3,6.347700,false,2026-04-08 01:47:36.650317,,true
2315,2025-10-18,3,6.347700,true,2026-04-08 01:47:36.650317,,true
2316,2025-10-19,3,6.347700,true,2026-04-08 01:47:36.650317,,true
2317,2025-10-20,3,6.265800,false,2026-04-08 01:47:36.650317,,true
2318,2025-10-21,3,6.253200,false,2026-04-08 01:47:36.650317,,true
2319,2025-10-22,3,6.256900,false,2026-04-08 01:47:36.650317,,true
2320,2025-10-23,3,6.250700,false,2026-04-08 01:47:36.650317,,true
2321,2025-10-24,3,6.252700,false,2026-04-08 01:47:36.650317,,true
2322,2025-10-25,3,6.252700,true,2026-04-08 01:47:36.650317,,true
2323,2025-10-26,3,6.252700,true,2026-04-08 01:47:36.650317,,true
2324,2025-10-27,3,6.251900,false,2026-04-08 01:47:36.650317,,true
2325,2025-10-28,3,6.258500,false,2026-04-08 01:47:36.650317,,true
2326,2025-10-29,3,6.229200,false,2026-04-08 01:47:36.650317,,true
2327,2025-10-30,3,6.226000,false,2026-04-08 01:47:36.650317,,true
2328,2025-10-31,3,6.212800,false,2026-04-08 01:47:36.650317,,true
2329,2025-11-01,3,6.212800,true,2026-04-08 01:47:36.650317,,true
2330,2025-11-02,3,6.212800,true,2026-04-08 01:47:36.650317,,true
2331,2025-11-03,3,6.165800,false,2026-04-08 01:47:36.650317,,true
2332,2025-11-04,3,6.186800,false,2026-04-08 01:47:36.650317,,true
2333,2025-11-05,3,6.174200,false,2026-04-08 01:47:36.650317,,true
2334,2025-11-06,3,6.167000,false,2026-04-08 01:47:36.650317,,true
2335,2025-11-07,3,6.197500,false,2026-04-08 01:47:36.650317,,true
2336,2025-11-08,3,6.197500,true,2026-04-08 01:47:36.650317,,true
2337,2025-11-09,3,6.197500,true,2026-04-08 01:47:36.650317,,true
2338,2025-11-10,3,6.139100,false,2026-04-08 01:47:36.650317,,true
2339,2025-11-11,3,6.112700,false,2026-04-08 01:47:36.650317,,true
2340,2025-11-12,3,6.130300,false,2026-04-08 01:47:36.650317,,true
2341,2025-11-13,3,6.146500,false,2026-04-08 01:47:36.650317,,true
2342,2025-11-14,3,6.148600,false,2026-04-08 01:47:36.650317,,true
2343,2025-11-15,3,6.148600,true,2026-04-08 01:47:36.650317,,true
2344,2025-11-16,3,6.148600,true,2026-04-08 01:47:36.650317,,true
2345,2025-11-17,3,6.158200,false,2026-04-08 01:47:36.650317,,true
2346,2025-11-18,3,6.179600,false,2026-04-08 01:47:36.650317,,true
2347,2025-11-19,3,6.158600,false,2026-04-08 01:47:36.650317,,true
2348,2025-11-20,3,6.158600,true,2026-04-08 01:47:36.650317,,true
2349,2025-11-21,3,6.199100,false,2026-04-08 01:47:36.650317,,true
2350,2025-11-22,3,6.199100,true,2026-04-08 01:47:36.650317,,true
2351,2025-11-23,3,6.199100,true,2026-04-08 01:47:36.650317,,true
2352,2025-11-24,3,6.219000,false,2026-04-08 01:47:36.650317,,true
2353,2025-11-25,3,6.224400,false,2026-04-08 01:47:36.650317,,true
2354,2025-11-26,3,6.221900,false,2026-04-08 01:47:36.650317,,true
2355,2025-11-27,3,6.200900,false,2026-04-08 01:47:36.650317,,true
2356,2025-11-28,3,6.190200,false,2026-04-08 01:47:36.650317,,true
2357,2025-11-29,3,6.190200,true,2026-04-08 01:47:36.650317,,true
2358,2025-11-30,3,6.190200,true,2026-04-08 01:47:36.650317,,true
2359,2025-12-01,3,6.216700,false,2026-04-08 01:47:36.650317,,true
2360,2025-12-02,3,6.204500,false,2026-04-08 01:47:36.650317,,true
2361,2025-12-03,3,6.191900,false,2026-04-08 01:47:36.650317,,true
2362,2025-12-04,3,6.180400,false,2026-04-08 01:47:36.650317,,true
2363,2025-12-05,3,6.219400,false,2026-04-08 01:47:36.650317,,true
2364,2025-12-06,3,6.219400,true,2026-04-08 01:47:36.650317,,true
2365,2025-12-07,3,6.219400,true,2026-04-08 01:47:36.650317,,true
2366,2025-12-08,3,6.305200,false,2026-04-08 01:47:36.650317,,true
2367,2025-12-09,3,6.344700,false,2026-04-08 01:47:36.650317,,true
2368,2025-12-10,3,6.361800,false,2026-04-08 01:47:36.650317,,true
2369,2025-12-11,3,6.375400,false,2026-04-08 01:47:36.650317,,true
2370,2025-12-12,3,6.339100,false,2026-04-08 01:47:36.650317,,true
2371,2025-12-13,3,6.339100,true,2026-04-08 01:47:36.650317,,true
2372,2025-12-14,3,6.339100,true,2026-04-08 01:47:36.650317,,true
2373,2025-12-15,3,6.342400,false,2026-04-08 01:47:36.650317,,true
2374,2025-12-16,3,6.414000,false,2026-04-08 01:47:36.650317,,true
2375,2025-12-17,3,6.473800,false,2026-04-08 01:47:36.650317,,true
2376,2025-12-18,3,6.481800,false,2026-04-08 01:47:36.650317,,true
2377,2025-12-19,3,6.458000,false,2026-04-08 01:47:36.650317,,true
2378,2025-12-20,3,6.458000,true,2026-04-08 01:47:36.650317,,true
2379,2025-12-21,3,6.458000,true,2026-04-08 01:47:36.650317,,true
2380,2025-12-22,3,6.514700,false,2026-04-08 01:47:36.650317,,true
2381,2025-12-23,3,6.550100,false,2026-04-08 01:47:36.650317,,true
2382,2025-12-24,3,6.520900,false,2026-04-08 01:47:36.650317,,true
2383,2025-12-25,3,6.520900,true,2026-04-08 01:47:36.650317,,true
2384,2025-12-26,3,6.524700,false,2026-04-08 01:47:36.650317,,true
2385,2025-12-27,3,6.524700,true,2026-04-08 01:47:36.650317,,true
2386,2025-12-28,3,6.524700,true,2026-04-08 01:47:36.650317,,true
2387,2025-12-29,3,6.558100,false,2026-04-08 01:47:36.650317,,true
2388,2025-12-30,3,6.469600,false,2026-04-08 01:47:36.650317,,true
2389,2025-12-31,3,6.467900,false,2026-04-08 01:47:36.650317,,true
2390,2026-01-01,3,6.467900,true,2026-04-08 01:47:36.650317,,true
2391,2026-01-02,3,6.388000,false,2026-04-08 01:47:36.650317,,true
2392,2026-01-03,3,6.388000,true,2026-04-08 01:47:36.650317,,true
2393,2026-01-04,3,6.388000,true,2026-04-08 01:47:36.650317,,true
2394,2026-01-05,3,6.360500,false,2026-04-08 01:47:36.650317,,true
2395,2026-01-06,3,6.290900,false,2026-04-08 01:47:36.650317,,true
2396,2026-01-07,3,6.297300,false,2026-04-08 01:47:36.650317,,true
2397,2026-01-08,3,6.282100,false,2026-04-08 01:47:36.650317,,true
2398,2026-01-09,3,6.250800,false,2026-04-08 01:47:36.650317,,true
2399,2026-01-10,3,6.250800,true,2026-04-08 01:47:36.650317,,true
2400,2026-01-11,3,6.250800,true,2026-04-08 01:47:36.650317,,true
2401,2026-01-12,3,6.279000,false,2026-04-08 01:47:36.650317,,true
2402,2026-01-13,3,6.263300,false,2026-04-08 01:47:36.650317,,true
2403,2026-01-14,3,6.271300,false,2026-04-08 01:47:36.650317,,true
2404,2026-01-15,3,6.246500,false,2026-04-08 01:47:36.650317,,true
2405,2026-01-16,3,6.236600,false,2026-04-08 01:47:36.650317,,true
2406,2026-01-17,3,6.236600,true,2026-04-08 01:47:36.650317,,true
2407,2026-01-18,3,6.236600,true,2026-04-08 01:47:36.650317,,true
2408,2026-01-19,3,6.244000,false,2026-04-08 01:47:36.650317,,true
2409,2026-01-20,3,6.307200,false,2026-04-08 01:47:36.650317,,true
2410,2026-01-21,3,6.243900,false,2026-04-08 01:47:36.650317,,true
2411,2026-01-22,3,6.232200,false,2026-04-08 01:47:36.650317,,true
2412,2026-01-23,3,6.216200,false,2026-04-08 01:47:36.650317,,true
2413,2026-01-24,3,6.216200,true,2026-04-08 01:47:36.650317,,true
2414,2026-01-25,3,6.216200,true,2026-04-08 01:47:36.650317,,true
2415,2026-01-26,3,6.274600,false,2026-04-08 01:47:36.650317,,true
2416,2026-01-27,3,6.260100,false,2026-04-08 01:47:36.650317,,true
2417,2026-01-28,3,6.190800,false,2026-04-08 01:47:36.650317,,true
2418,2026-01-29,3,6.196600,false,2026-04-08 01:47:36.650317,,true
2419,2026-01-30,3,6.220000,false,2026-04-08 01:47:36.650317,,true
2420,2026-01-31,3,6.220000,true,2026-04-08 01:47:36.650317,,true
2421,2026-02-01,3,6.220000,true,2026-04-08 01:47:36.650317,,true
2422,2026-02-02,3,6.200400,false,2026-04-08 01:47:36.650317,,true
2423,2026-02-03,3,6.169400,false,2026-04-08 01:47:36.650317,,true
2424,2026-02-04,3,6.175000,false,2026-04-08 01:47:36.650317,,true
2425,2026-02-05,3,6.198500,false,2026-04-08 01:47:36.650317,,true
2426,2026-02-06,3,6.185500,false,2026-04-08 01:47:36.650317,,true
2427,2026-02-07,3,6.185500,true,2026-04-08 01:47:36.650317,,true
2428,2026-02-08,3,6.185500,true,2026-04-08 01:47:36.650317,,true
2429,2026-02-09,3,6.186700,false,2026-04-08 01:47:36.650317,,true
2430,2026-02-10,3,6.196500,false,2026-04-08 01:47:36.650317,,true
2431,2026-02-11,3,6.146000,false,2026-04-08 01:47:36.650317,,true
2432,2026-02-12,3,6.140700,false,2026-04-08 01:47:36.650317,,true
2433,2026-02-13,3,6.194400,false,2026-04-08 01:47:36.650317,,true
2434,2026-02-14,3,6.194400,true,2026-04-08 01:47:36.650317,,true
2435,2026-02-15,3,6.194400,true,2026-04-08 01:47:36.650317,,true
2436,2026-02-16,3,6.194400,true,2026-04-08 01:47:36.650317,,true
2437,2026-02-17,3,6.194400,true,2026-04-08 01:47:36.650317,,true
2438,2026-02-18,3,6.173300,false,2026-04-08 01:47:36.650317,,true
2439,2026-02-19,3,6.145600,false,2026-04-08 01:47:36.650317,,true
2440,2026-02-20,3,6.129200,false,2026-04-08 01:47:36.650317,,true
2441,2026-02-21,3,6.129200,true,2026-04-08 01:47:36.650317,,true
2442,2026-02-22,3,6.129200,true,2026-04-08 01:47:36.650317,,true
2443,2026-02-23,3,6.089100,false,2026-04-08 01:47:36.650317,,true
2444,2026-02-24,3,6.082800,false,2026-04-08 01:47:36.650317,,true
2445,2026-02-25,3,6.069700,false,2026-04-08 01:47:36.650317,,true
2446,2026-02-26,3,6.061300,false,2026-04-08 01:47:36.650317,,true
2447,2026-02-27,3,6.076200,false,2026-04-08 01:47:36.650317,,true
2448,2026-02-28,3,6.076200,true,2026-04-08 01:47:36.650317,,true
2449,2026-03-01,3,6.076200,true,2026-04-08 01:47:36.650317,,true
2450,2026-03-02,3,6.072500,false,2026-04-08 01:47:36.650317,,true
2451,2026-03-03,3,6.118000,false,2026-04-08 01:47:36.650317,,true
2452,2026-03-04,3,6.062200,false,2026-04-08 01:47:36.650317,,true
2453,2026-03-05,3,6.073700,false,2026-04-08 01:47:36.650317,,true
2454,2026-03-06,3,6.122000,false,2026-04-08 01:47:36.650317,,true
2455,2026-03-07,3,6.122000,true,2026-04-08 01:47:36.650317,,true
2456,2026-03-08,3,6.122000,true,2026-04-08 01:47:36.650317,,true
2457,2026-03-09,3,6.043300,false,2026-04-08 01:47:36.650317,,true
2458,2026-03-10,3,6.011200,false,2026-04-08 01:47:36.650317,,true
2459,2026-03-11,3,5.966900,false,2026-04-08 01:47:36.650317,,true
2460,2026-03-12,3,5.996100,false,2026-04-08 01:47:36.650317,,true
2461,2026-03-13,3,6.011600,false,2026-04-08 01:47:36.650317,,true
2462,2026-03-14,3,6.011600,true,2026-04-08 01:47:36.650317,,true
2463,2026-03-15,3,6.011600,true,2026-04-08 01:47:36.650317,,true
2464,2026-03-16,3,6.045800,false,2026-04-08 01:47:36.650317,,true
2465,2026-03-17,3,5.994300,false,2026-04-08 01:47:36.650317,,true
2466,2026-03-18,3,5.998400,false,2026-04-08 01:47:36.650317,,true
2467,2026-03-19,3,6.053700,false,2026-04-08 01:47:36.650317,,true
2468,2026-03-20,3,6.093400,false,2026-04-08 01:47:36.650317,,true
2469,2026-03-21,3,6.093400,true,2026-04-08 01:47:36.650317,,true
2470,2026-03-22,3,6.093400,true,2026-04-08 01:47:36.650317,,true
2471,2026-03-23,3,6.073400,false,2026-04-08 01:47:36.650317,,true
2472,2026-03-24,3,6.088700,false,2026-04-08 01:47:36.650317,,true
2473,2026-03-25,3,6.047000,false,2026-04-08 01:47:36.650317,,true
2474,2026-03-26,3,6.036200,false,2026-04-08 01:47:36.650317,,true
2475,2026-03-27,3,6.032500,false,2026-04-08 01:47:36.650317,,true
2476,2026-03-28,3,6.032500,true,2026-04-08 01:47:36.650317,,true
2477,2026-03-29,3,6.032500,true,2026-04-08 01:47:36.650317,,true
2478,2026-03-30,3,5.995800,false,2026-04-08 01:47:36.650317,,true
2479,2026-03-31,3,6.010000,false,2026-04-08 01:47:36.650317,,true
2480,2026-04-01,3,5.992300,false,2026-04-08 01:47:36.650317,,true
2481,2026-04-02,3,5.962900,false,2026-04-08 01:47:36.650317,,true
2482,2026-04-03,3,5.962900,true,2026-04-08 01:47:36.650317,,true
2483,2026-04-04,3,5.962900,true,2026-04-08 01:47:36.650317,,true
2484,2026-04-05,3,5.962900,true,2026-04-08 01:47:36.650317,,true
2485,2026-04-06,3,5.947600,false,2026-04-08 01:47:36.650317,,true
2486,2026-04-07,3,5.972800,false,2026-04-08 01:47:36.650317,,true
2487,2026-04-08,3,5.972800,true,2026-04-08 01:47:36.650317,,true
